well,n,ps,n_post,post_frac,gr_nan,gr_nan_frac,tvt_min,tvt_max,x,y,max_div_post,floor_rmse
000d7d20,5278,1442,3836,0.727,2258,0.4278,11236.02,11756.12,2983513.8815858285,1071417.6734293292,12.54,7.454
00bbac68,7559,1545,6014,0.796,942,0.1246,11406.63,12240.01,3008500.4098174362,1086928.4096322265,33.72,15.263
00e12e8b,6384,2083,4301,0.674,584,0.0915,10606.18,11616.64,2969568.6164144734,1062552.745421366,17.77,7.925
015fe0d2,5950,1654,4296,0.722,1513,0.2543,11747.26,12271.53,3000247.1123915967,1075563.087902521,37.75,23.155
01869cd4,6850,1293,5557,0.811,3268,0.4771,11358.27,11767.75,2973618.0407562046,1065922.4417445255,21.81,10.619
01982c1d,5587,1646,3941,0.705,846,0.1514,9927.92,10700.87,2995565.781575085,1124200.9678378378,11.22,6.335
028d7b28,7761,1527,6234,0.803,1691,0.2179,11874.64,12437.08,3007594.002022936,1069810.2954245587,17.08,7.394
02e7fe5a,6888,1780,5108,0.742,3994,0.5798,11356.13,12199.39,2985931.4508928573,1061532.3213283971,20.41,8.414
0390d174,6101,1690,4411,0.723,2926,0.4796,10114.85,10639.09,3000841.121653827,1125584.4246730045,18.13,8.517
03a935ae,4430,1644,2786,0.629,175,0.0395,12192.18,12837.98,3034603.1221805876,1088709.8634130927,53.59,35.054
044af7d1,6067,1548,4519,0.745,3676,0.6059,11313.18,11870.04,3009892.159263227,1108288.7258974782,19.76,9.868
0498acab,6432,1634,4798,0.746,2944,0.4577,10650.9,11416.25,2991522.1698678485,1093204.556408582,15.54,5.996
052d64df,4590,2145,2445,0.533,1164,0.2536,10522.89,11456.35,2979917.680446623,1098971.452684096,16.11,7.396
05948241,5428,1549,3879,0.715,2973,0.5477,10026.56,10841.42,2957609.380965365,1088931.1797015476,11.15,4.996
059c8f24,7998,1740,6258,0.782,3261,0.4077,9556.52,10326.13,2915402.9646411603,1064196.6370942735,26.06,10.912
05a0ee4d,6098,1750,4348,0.713,1956,0.3208,11142.98,11929.08,2993634.6741603804,1102879.282294195,39.63,18.345
060ab2b8,7818,1560,6258,0.8,4436,0.5674,10009.16,10970.71,2898838.3211256075,1028519.3585878742,20.12,9.048
06df5958,5039,1530,3509,0.696,790,0.1568,10768.09,11343.09,2905092.5885175634,1025443.5081405041,6.56,3.088
071d7b45,4720,1509,3211,0.68,734,0.1555,10128.63,10553.96,2945536.7787627117,1079179.6511144068,23.85,17.116
0849b4e2,7436,1899,5537,0.745,1696,0.2281,11050.65,11951.15,3021498.1430876814,1116087.8739698762,35.93,14.568
084d66f9,5632,1747,3885,0.69,3381,0.6003,10128.06,11028.1,2931110.130106534,1054982.9565944602,23.6,10.693
08fecf00,7405,1831,5574,0.753,1800,0.2431,11229.55,12155.05,3021903.129216745,1116143.1747738014,9.03,4.76
09053135,7715,1808,5907,0.766,2868,0.3717,10676.97,11486.67,2990964.723209332,1086181.8943927414,25.04,13.262
09441b8d,7395,1907,5488,0.742,980,0.1325,10351.68,11219.51,2906268.4227883704,1040826.0310818121,34.18,15.939
0955cd6c,7125,1930,5195,0.729,4138,0.5808,11438.21,12190.06,3026945.6325796493,1118651.0042624562,14.65,8.023
09ec2ca9,7824,1939,5885,0.752,4017,0.5134,10243.31,11059.02,3004680.1373939165,1126312.626844325,13.65,6.133
0a57a29c,7194,1373,5821,0.809,3569,0.4961,10681.71,11210.09,2901704.492577148,1033301.9493327773,14.69,6.953
0bbf5e67,6031,1733,4298,0.713,3016,0.5001,10180.13,10972.06,2899323.428827723,1034462.2527441552,31.2,18.377
0be01c24,6385,1647,4738,0.742,245,0.0384,10548.98,11322.65,3006846.6567721223,1114039.8381143305,16.37,8.273
0c1b160c,6714,1660,5054,0.753,3442,0.5127,10592.33,11180.9,2972607.0623994633,1092683.5475886208,21.58,8.432
0d99f8e4,7522,1699,5823,0.774,3805,0.5058,10649.92,11203.73,2895947.984626429,1034157.6629008242,18.38,9.343
0dc5e64d,6191,1312,4879,0.788,69,0.0111,10348.58,10915.05,3012992.515239864,1122126.427824261,53.41,18.009
0dc835f3,5279,851,4428,0.839,190,0.036,10437.3,10694.58,2994038.7577931425,1124446.0210058722,19.49,7.23
0dd99dc5,9182,1840,7342,0.8,4323,0.4708,11765.77,12601.48,3006856.662318667,1077639.3005881072,20.0,8.235
0e5e560d,4896,1643,3253,0.664,1207,0.2465,10218.990000000002,11029.34,3010115.5905882353,1130311.6161642156,16.75,10.294
109d9d70,5851,1636,4215,0.72,2175,0.3717,11590.81,12250.89,3020316.9937241497,1106786.6470654588,22.71,9.371
10a1281a,7353,1744,5609,0.763,350,0.0476,10431.22,11265.570000000002,2902232.5870773834,1029344.6009533523,8.05,3.591
10b89021,7166,1752,5414,0.756,3626,0.506,11311.08,12161.18,2983890.1184063633,1058724.7208582193,18.86,14.721
10be2420,5203,1932,3271,0.629,2439,0.4688,9970.88,10824.63,2953515.6130386316,1085603.3223025177,21.19,13.259
113011eb,4561,1289,3272,0.717,2180,0.478,12163.79,12548.58,3003471.3118460863,1071203.032609077,13.75,5.178
1131525f,5548,1389,4159,0.75,1750,0.3154,10764.52,11313.4,2903190.564763879,1024459.9341348234,23.05,14.67
11d0f5ac,6378,1495,4883,0.766,2380,0.3732,10396.33,10945.1,2889666.290892129,1030650.3421135152,27.84,22.169
12203f2a,4991,1730,3261,0.653,1294,0.2593,11224.52,12032.5,3014401.836048888,1115973.4968523341,20.77,13.762
122bd617,6408,1838,4570,0.713,1880,0.2934,9795.14,10835.84,2957617.7871254683,1088325.7207147316,22.83,11.67
125be846,8033,1523,6510,0.81,1938,0.2413,10894.61,11470.87,2981425.8548064237,1106401.8864210134,27.05,18.441
1285a37b,7403,1806,5597,0.756,284,0.0384,11880.83,12760.31,3014735.9068580307,1083240.4585249224,10.42,5.549
1295a25b,7037,1486,5551,0.789,2887,0.4103,11216.43,11771.84,2973584.8031433853,1064776.8148088674,19.07,9.717
12f0cd90,7431,1484,5947,0.8,1932,0.26,10854.83,11406.14,2999509.637651729,1112597.2740142646,23.45,7.895
137d1e44,6313,1759,4554,0.721,2756,0.4366,11887.070000000002,12792.81,3017250.4035323933,1084022.4687042611,41.98,25.01
13ce113d,4875,1909,2966,0.608,921,0.1889,10284.0,11195.79,2896468.473790769,1041995.2699364104,9.64,3.381
13f598d9,8934,1628,7306,0.818,4772,0.5341,11871.070000000002,12544.53,3006550.8634307142,1077549.147694202,25.92,15.169
14a53cb3,8780,1861,6919,0.788,1136,0.1294,10384.42,11200.97,2911612.448996583,1040038.2709817769,20.13,8.948
14ab73fb,5279,1630,3649,0.691,2114,0.4005,10652.3,11312.62,2904091.089480962,1019013.8004034855,30.34,14.819
14ad5efb,7352,1510,5842,0.795,1274,0.1733,10850.09,11413.59,2998214.602671382,1112066.6784099564,15.91,6.299
14fee784,6406,1496,4910,0.766,3536,0.552,10343.29,10897.9,2991163.951532938,1124343.4443662192,35.24,21.42
153552f5,6498,1803,4695,0.723,1219,0.1876,11322.13,12091.11,3002134.7530070795,1092314.297822407,11.77,5.161
1550491d,5929,1366,4563,0.77,226,0.0381,10952.23,11383.94,3005778.162808231,1113486.9732619328,30.21,21.167
155887bb,7062,1477,5585,0.791,1761,0.2494,11318.79,12321.1,3008022.7168068537,1086038.5414174455,26.61,11.793
1590af81,5231,1432,3799,0.726,905,0.173,10995.25,11457.62,2990197.728916077,1092270.6935748423,10.42,5.561
15e154a1,7699,1631,6068,0.788,3681,0.4781,10222.41,10965.7,2960191.610344201,1078435.6397869855,37.01,23.226
1619e2ca,6002,1559,4443,0.74,2166,0.3609,10777.41,11473.490000000002,2995455.5020859707,1094422.852397534,17.61,7.812
16e4a047,5684,1553,4131,0.727,3138,0.5521,11154.66,12018.4,3011951.5331210415,1102242.2473187896,14.67,10.715
173ed841,6530,1647,4883,0.748,2354,0.3605,11972.59,12763.96,3022087.8337519146,1084666.290929556,39.13,17.581
1770d7c6,9121,1881,7240,0.794,410,0.045,11784.08,12599.15,3009290.318069291,1078705.5010590944,20.09,12.333
177622d7,4699,1545,3154,0.671,2224,0.4733,11745.83,12296.02,3007506.4551159823,1088942.5521834432,19.39,9.8
18d24f7b,6260,1702,4558,0.728,759,0.1212,10554.77,11213.23,2905270.930190096,1039305.4559648562,14.04,7.53
19137a89,7958,1691,6267,0.788,650,0.0817,10349.41,11082.56,3003927.3290374465,1132792.7791065595,41.02,18.12
1944513c,6599,1877,4722,0.716,503,0.0762,10433.02,11333.2,3005563.6947673885,1113191.8860933476,15.62,5.739
197f8a5a,8248,1938,6310,0.765,4272,0.5179,10045.1,10996.44,2880373.065516489,1022700.7279837537,46.92,24.616
19871e7f,7152,1859,5293,0.74,1009,0.1411,11723.09,12563.17,3000000.78573406,1074150.161356264,10.01,5.354
198a5607,8094,1843,6251,0.772,2020,0.2496,10330.96,11182.62,2969843.7264405736,1098013.9417284408,18.57,9.945
19fb4f7b,7923,2303,5620,0.709,300,0.0379,11663.9,12789.34,3015034.1857730653,1083290.3320964281,24.68,11.09
1a518997,6544,1938,4606,0.704,2398,0.3664,10429.25,11215.37,2909603.5617130194,1037333.6233496334,14.74,10.761
1a68190b,6502,2028,4474,0.688,1537,0.2364,11965.5,12823.96,2948720.0711996313,1012420.9222500768,30.53,16.432
1a730ac2,6049,1444,4605,0.761,1797,0.2971,10969.14,11417.12,2990360.101206811,1092565.1517903786,29.2,16.35
1aaf1da0,6321,1517,4804,0.76,1498,0.237,11158.88,11913.53,3005745.866230027,1107687.2396282235,15.79,9.288
1b08ed48,7175,1557,5618,0.783,3936,0.5486,11543.46,12125.36,2987073.2048905925,1068424.6596571428,18.85,11.838
1b1c5372,5792,1531,4261,0.736,1489,0.2571,10327.61,10881.58,2999852.5894008973,1125301.5991540055,35.2,17.833
1b1eba53,6710,2055,4655,0.694,941,0.1402,11793.02,12825.070000000002,3035441.7735141576,1096568.5505156482,98.92,70.639
1b6ba517,8611,2014,6597,0.766,3618,0.4202,11172.71,12066.7,2923929.5294623156,1020159.0737533388,13.29,7.818
1b82b665,5364,1558,3806,0.71,539,0.1005,10126.72,10853.320000000002,3000450.562307979,1125360.1365100672,11.04,6.107
1bcb2fcf,6202,1678,4524,0.729,450,0.0726,11929.01,12568.8,3013901.892736214,1096651.085707836,13.14,6.206
1beca81d,6650,1614,5036,0.757,2975,0.4474,10759.05,11377.0,2977682.7608195483,1088702.2169293233,17.02,8.155
1d3fbf02,4252,1558,2694,0.634,1406,0.3307,11288.85,11767.08,2965365.162415334,1063462.4018861712,9.95,5.906
1d78281a,6810,1861,4949,0.727,1311,0.1925,11918.4,12805.9,2949031.6387870777,1012531.2977224669,25.7,11.881
1e30dedf,5474,1403,4071,0.744,2466,0.4505,10298.16,10655.44,2995568.970473146,1129474.2336207526,24.89,12.137
1e5e3573,7126,1646,5480,0.769,4017,0.5637,11483.7,12237.97,3026624.1252666293,1118637.7004476564,22.83,11.922
1f9afacb,7054,1726,5328,0.755,2741,0.3886,11172.070000000002,11958.08,3007377.7228409415,1101107.673288914,6.25,2.518
1fdbba44,6333,1422,4911,0.775,1226,0.1936,12337.28,12816.12,2948611.6562671717,1017875.4237944103,12.34,5.835
1fee2b62,6323,1682,4641,0.734,3507,0.5546,11747.1,12524.86,2996940.496825874,1072849.590395382,14.22,8.271
20096916,6880,1747,5133,0.746,3328,0.4837,11111.23,11917.42,3000687.9945043605,1098513.5449360465,20.98,10.457
200d233d,5896,1970,3926,0.666,388,0.0658,11340.43,12059.31,3009852.1131886025,1102931.794635346,19.43,12.776
201661b5,8136,2181,5955,0.732,478,0.0588,11048.2,12213.54,3026635.0218264502,1110768.0172295969,25.14,12.376
203721ab,7235,1505,5730,0.792,1449,0.2003,10622.67,11209.59,2901356.2683054595,1022820.3072536282,20.11,10.037
20402d71,7930,1558,6372,0.804,101,0.0127,10286.45,10967.51,2883107.001822194,1023732.0910063052,24.25,11.662
2043abc5,8513,1555,6958,0.817,5611,0.6591,10897.61,11452.23,2982620.1458945144,1107196.519484318,31.24,18.044
204cc64b,6454,1649,4805,0.744,2118,0.3282,11787.23,12569.320000000002,3021916.765061977,1084607.5350480322,15.24,6.095
206b6193,8568,2033,6535,0.763,317,0.037,10719.490000000002,11472.14,2979176.583029879,1095738.5206267505,70.07,36.509
2075c696,5580,2392,3188,0.571,459,0.0823,10082.98,11222.56,2901209.8463655915,1038745.4303673835,30.21,21.899
22c5f93f,6919,1747,5172,0.748,3805,0.5499,11045.070000000002,11878.490000000002,3000351.1687946236,1098369.1172770632,19.6,7.091
230eaaa3,6451,1761,4690,0.727,1177,0.1825,10515.75,11484.240000000002,2982548.275011626,1098631.2854084638,53.99,25.323
2364716c,6093,1777,4316,0.708,1690,0.2774,10204.01,10995.46,2954231.816420482,1073725.5035417692,27.9,19.668
23b9beb0,8790,1450,7340,0.835,1856,0.2111,10893.58,11403.740000000002,2985610.1827144483,1082175.6244277586,12.74,5.499
24d8997e,5188,1746,3442,0.663,636,0.1226,10473.35,11190.25,2917384.7563164993,1047788.8296626833,12.05,5.64
25050f63,7155,1031,6124,0.856,327,0.0457,10252.06,10977.59,2886909.117624039,1027602.0745883997,48.54,37.997
25939962,6071,1752,4319,0.711,3520,0.5798,11448.27,12274.45,3012444.8035200126,1096122.8448278704,17.37,11.1
25fd32b3,4546,1661,2885,0.635,1039,0.2286,10672.33,11196.52,2918272.730789705,1043377.6842124945,5.66,3.178
261785ee,5512,1866,3646,0.661,1824,0.3309,10336.13,11320.17,2988229.815290276,1091047.0283417995,36.8,23.579
264feceb,7408,1743,5665,0.765,308,0.0416,10435.77,11209.35,2901739.8204360153,1028902.5627578293,18.9,10.863
26623a50,7479,1744,5735,0.767,1973,0.2638,10575.12,11387.02,3001128.9151825113,1112818.7711485494,33.36,21.675
26d3a96a,6465,1744,4721,0.73,2059,0.3185,11871.68,12647.26,3021515.605141531,1084448.2900417636,22.94,9.063
272abef3,5682,1547,4135,0.728,262,0.0461,10855.88,11455.98,2993831.605441746,1093646.9233773318,19.36,10.023
27300fd5,7386,1919,5467,0.74,249,0.0337,11794.58,12587.45,3014614.9766598972,1083368.4992932572,27.03,17.39
276b012a,6291,1454,4837,0.769,928,0.1475,11965.77,12454.93,3010481.389518359,1071647.194732157,48.15,27.087
27c3155b,6941,1983,4958,0.714,232,0.0334,11737.42,12757.37,3035476.0685045384,1093283.938546319,23.41,18.111
27ebb9b9,7651,1885,5766,0.754,1475,0.1928,11120.89,11955.02,2921837.850735852,1018664.5301424651,20.19,9.988
283269ac,4567,1941,2626,0.575,2676,0.5859,10534.55,11452.75,2979593.608675279,1098653.2826779066,2.49,1.116
28473855,6620,2330,4290,0.648,201,0.0304,9864.490000000002,10998.22,2962700.579294562,1079327.9290453172,15.32,4.547
28f4eda9,6824,1558,5266,0.772,1508,0.221,10544.87,10953.31,2885980.616907972,1027001.7962719813,21.97,12.159
29b24409,7417,1830,5587,0.753,4164,0.5614,10464.39,11221.92,2905473.1013806122,1036963.2932897398,20.6,13.757
29de15c8,5164,1733,3431,0.664,213,0.0412,11348.15,11992.54,3012327.936727343,1117547.8591692487,8.24,4.586
2ab29395,3325,1473,1852,0.557,992,0.2983,11853.56,12216.21,2999643.796538346,1088124.5559248119,5.44,2.459
2ac7cb6b,6451,1461,4990,0.774,268,0.0415,10349.29,10899.91,2993037.665695241,1124468.0082762362,46.64,19.596
2acc78d4,6109,1843,4266,0.698,3655,0.5983,11085.6,11890.83,3008531.008865608,1108321.6579456541,29.22,13.626
2b034622,6761,1558,5203,0.77,1846,0.273,9467.05,10072.18,2858246.8825721047,1043188.9197396834,12.42,6.806
2b06ad65,5706,1450,4256,0.746,234,0.041,11448.94,11960.62,3011752.7497634073,1118043.8012232739,4.77,2.746
2b547943,5131,1651,3480,0.678,1628,0.3173,11478.63,12226.18,3000556.0718086143,1087992.6380003898,16.56,12.241
2be5c96a,5753,1543,4210,0.732,4198,0.7297,11192.78,11808.570000000002,2998590.5185816097,1092538.0991656526,10.96,3.662
2bff06cf,9174,1550,7624,0.831,4364,0.4757,10160.0,11048.66,2922762.2006921736,1058812.8671942446,44.53,28.428
2c0c4a4e,6719,1929,4790,0.713,351,0.0522,10211.19,10981.41,2958949.287532371,1077239.1411445155,16.84,8.046
2cee0cba,7335,1835,5500,0.75,3135,0.4274,10463.67,11246.740000000002,2896259.4297900475,1034307.1366952965,24.02,10.665
2d0c268a,6289,1739,4550,0.723,1639,0.2606,10541.83,11335.92,3002735.746498649,1119228.1983494991,25.43,14.875
2d179ded,9225,2217,7008,0.76,3872,0.4197,9719.41,10715.19,2868460.8220466124,1028125.9389441733,12.5,7.75
2d196986,8316,1842,6474,0.778,100,0.012,10426.18,11209.96,2911992.6926815775,1040130.0983213083,24.05,11.991
2d2d0c6b,6967,1922,5045,0.724,4217,0.6053,10404.27,11199.26,2921054.2970274147,1044353.3185488733,7.65,3.046
2d35f86d,6628,1732,4896,0.739,1604,0.242,11191.34,11893.88,3000407.7485998794,1105181.3599366324,17.88,11.216
2d9f6cb9,8627,1289,7338,0.851,331,0.0384,12200.01,12540.86,3008461.963047409,1078573.0544337546,17.17,9.909
2ddad940,6812,1481,5331,0.783,1060,0.1556,11108.76,11713.52,2973293.080129184,1063741.2524001761,12.56,7.646
2e29e833,7254,1826,5428,0.748,312,0.043,11343.75,12159.46,3023285.5448566307,1111293.630594155,9.44,4.308
2e43c2ea,7349,1651,5698,0.775,2457,0.3343,10445.94,11203.31,2914930.690698054,1045948.5012246565,13.73,7.487
2e63d9de,6505,1806,4699,0.722,964,0.1482,11743.54,12554.21,3023743.077600307,1095297.2240076864,21.38,13.774
2ee0235b,7256,1700,5556,0.766,818,0.1127,10454.83,11193.43,2901544.5319308164,1028566.7084468026,13.02,6.803
2f19d536,4744,1656,3088,0.651,1454,0.3065,11732.93,12282.29,3002539.563857504,1077349.3945109614,9.5,6.536
2f8e53c3,4133,1539,2594,0.628,1455,0.352,11409.78,11956.2,3011860.6029397533,1108785.032080813,7.89,3.293
2fa01aa6,3860,1686,2174,0.563,1031,0.2671,11948.71,12736.570000000002,3022973.5726269432,1086983.1502746113,32.38,18.777
2fd68f7b,6381,1651,4730,0.741,3590,0.5626,10078.54,10885.76,2998302.4743817584,1125308.4297163454,75.13,60.74
2fe023be,6060,1839,4221,0.697,2501,0.4127,10566.3,11461.96,2989146.0177689767,1091540.8872046205,17.51,12.909
30d75030,5009,1605,3404,0.68,874,0.1745,10310.21,10893.27,2991865.208442803,1116116.0584547815,45.95,17.599
310c71a5,6988,1743,5245,0.751,942,0.1348,10401.06,11202.23,2905287.4652661704,1034457.5330008587,20.17,8.843
32fe84c9,8163,1755,6408,0.785,1203,0.1474,11430.93,12133.01,2984629.291967414,1069258.693039324,38.57,22.251
33c40295,5989,1820,4169,0.696,445,0.0743,10616.48,11417.740000000002,2987233.945116046,1088227.1354216062,11.77,8.701
3407f5bf,5309,1671,3638,0.685,2162,0.4072,10393.87,11025.52,2929962.8006178187,1053861.803492183,68.94,21.294
3417285d,7458,2009,5449,0.731,599,0.0803,11137.85,12210.62,2983667.747055511,1058575.618302494,45.77,34.422
347242c8,5437,1842,3595,0.661,263,0.0484,11252.85,12047.18,3014940.021373919,1117485.0900202317,7.66,2.242
353e5502,7901,1839,6062,0.767,1218,0.1542,10353.06,11201.09,2920374.3377104164,1049542.1560232881,11.29,5.639
357c12f9,5770,1691,4079,0.707,640,0.1109,9808.64,10797.95,2939483.9414038127,1066137.2613327554,13.72,5.624
3584a6eb,6150,1656,4494,0.731,1080,0.1756,11463.46,12224.01,3010135.4137008134,1095112.0629788619,13.37,9.108
35b30c7f,11270,1691,9579,0.85,4797,0.4256,10354.33,11005.45,2953274.858122449,1075871.9027107365,31.68,19.152
35b3ef6a,5736,1832,3904,0.681,2047,0.3569,10145.51,10799.36,2936901.639919805,1071294.106602162,37.14,26.045
367456ce,7312,1743,5569,0.762,2520,0.3446,10171.46,10893.35,2996038.5458082603,1118744.9803391686,23.34,12.622
368131f9,6568,1577,4991,0.76,3989,0.6073,11387.7,11914.56,2998248.610293849,1104321.3070264922,39.05,20.876
368fe682,6416,1480,4936,0.769,234,0.0365,10753.59,11304.63,2900633.338534913,1028569.2561518081,23.76,13.879
3690a146,5761,1688,4073,0.707,960,0.1666,10396.56,11209.41,2911334.999413296,1038537.7706422496,12.02,7.13
37344c2a,6943,1746,5197,0.749,977,0.1407,10311.97,11052.94,2919964.717635028,1042923.4759167507,36.23,13.239
373ef48b,4992,1483,3509,0.703,1949,0.3904,10628.490000000002,11194.17,2905745.2321354165,1025769.6636538461,10.73,5.207
374be387,11802,1837,9965,0.844,6974,0.5909,9880.94,10721.320000000002,2872825.346799695,1029882.695248263,14.17,6.713
37d36812,6017,1650,4367,0.726,1368,0.2274,11502.47,12243.55,3008614.649228852,1094709.3424680072,33.74,21.856
38991fd4,6545,1747,4798,0.733,1684,0.2573,10392.78,11221.52,2933868.8228021385,1057288.103776929,28.28,14.866
389ae58f,8201,1738,6463,0.788,1530,0.1866,10898.46,11775.87,2973135.336276064,1068828.1731849774,68.56,49.763
3932faa6,7388,1936,5452,0.738,2149,0.2909,11084.64,12058.92,2920902.80203438,1018283.9872631293,28.46,13.158
398dce4b,5005,1839,3166,0.633,2215,0.4426,10004.59,10834.02,2952955.215918082,1085111.2611128872,13.82,4.56
39b51819,6382,2151,4231,0.663,3382,0.5299,10266.91,10991.990000000002,2920706.6100282045,1050937.2142071452,5.94,3.16
3a0af893,4580,1653,2927,0.639,2242,0.4895,11716.0,12216.83,3021019.081264192,1107076.9633078603,27.19,18.69
3a223519,6581,1998,4583,0.696,807,0.1226,11877.58,12822.85,2945581.8097067317,1012433.6814709011,18.19,9.401
3a7dd95d,4320,1248,3072,0.711,1853,0.4289,11452.31,11901.73,2916177.927018519,1032055.024326389,21.67,13.01
3a824aa7,5678,1477,4201,0.74,2653,0.4672,11671.45,12214.67,3011532.9244663618,1095947.1317224375,13.56,5.69
3a86fe8d,6572,1454,5118,0.779,2961,0.4505,10905.0,11487.2,2989676.8353225803,1098642.2423980525,18.61,11.635
3aaa2b30,6396,1685,4711,0.737,1788,0.2795,10333.81,10915.86,2992126.065403377,1117277.1159709194,29.0,17.52
3ac16ad0,7412,1763,5649,0.762,1847,0.2492,10184.63,10985.26,2890764.407738802,1022164.7593213707,23.6,8.881
3b21ea64,9103,1727,7376,0.81,499,0.0548,11704.75,12439.7,3008940.097660112,1078520.4523607602,14.62,8.369
3bbe1f5d,8184,1266,6918,0.845,3316,0.4052,10457.75,11210.68,2906216.9230742916,1028439.4256170577,16.15,10.573
3bfee975,5088,1485,3603,0.708,2941,0.578,11697.41,12178.58,3001190.4197739777,1088257.3075353773,14.32,7.841
3c3dbcbc,6911,1842,5069,0.733,3680,0.5325,11051.240000000002,11877.65,3001031.1318825064,1098625.1990392127,17.9,8.293
3d96d897,7147,1488,5659,0.792,478,0.0669,10635.15,11207.28,2908016.465476424,1029573.0082272282,6.59,3.609
3df4b19e,6658,1670,4988,0.749,1868,0.2806,10634.740000000002,11388.27,3006087.4729077807,1119302.6152252927,12.27,8.672
3e011332,4842,2119,2723,0.562,92,0.019,10352.31,11463.240000000002,2985773.590363486,1087021.4476827756,34.5,17.421
3e678ea7,8737,1879,6858,0.785,3371,0.3858,11854.46,12551.13,3017735.166680783,1091504.7807496851,22.92,10.23
3ef6372a,6666,1939,4727,0.709,259,0.0389,10548.11,11425.18,2982909.445636064,1098979.2612376236,11.49,6.229
3ef98781,5343,1451,3892,0.728,210,0.0393,11493.91,11969.85,3012114.3350889017,1117773.8327512634,19.63,12.434
3f603129,6599,1548,5051,0.765,1986,0.301,10462.52,11018.37,3005488.675870586,1133248.630533414,44.09,29.712
404c4384,2612,1701,911,0.349,515,0.1972,10083.09,10819.35,2955914.1993721286,1086109.9998966309,8.9,3.601
4121c517,5471,1748,3723,0.68,1794,0.3279,10078.56,10968.04,3007811.4320325353,1131026.347490404,20.95,11.223
41fb0192,4381,1408,2973,0.679,257,0.0587,12136.78,12601.66,3007297.727852089,1075798.2501004338,7.86,3.558
42669188,6080,1798,4282,0.704,454,0.0747,10807.0,11624.16,2969923.6451973687,1062658.4307598686,37.16,23.031
42c538a1,4762,1483,3279,0.689,1072,0.2251,10836.87,11318.81,2909031.161419572,1022236.8262473751,35.35,26.189
43b06c70,6590,1744,4846,0.735,1012,0.1536,11120.93,11919.85,3005416.2435720786,1107488.935632777,16.31,8.769
43c7f85a,7484,1506,5978,0.799,3650,0.4877,10419.02,10978.5,2888077.628254944,1019340.633015767,22.72,11.18
43e16325,5845,2125,3720,0.636,1034,0.1769,9949.65,11036.23,2928982.1610761336,1048846.7608742514,84.13,45.777
44441e54,5568,1211,4357,0.783,2002,0.3596,11550.85,11976.91,3011799.442106681,1107946.204136135,7.6,3.669
445af6c2,7998,1957,6041,0.755,1167,0.1459,10310.51,11225.990000000002,2909559.673427107,1035237.5228369593,36.8,29.954
4463446c,4729,1473,3256,0.689,891,0.1884,10125.76,10542.53,2946442.072757454,1072618.9053140199,31.75,18.86
44a94013,6492,1589,4903,0.755,1573,0.2423,10422.66,10953.08,2888836.476369378,1029842.7473151571,60.1,23.263
45fb3e21,5626,1977,3649,0.649,2685,0.4772,10516.240000000002,11477.1,2990720.601637042,1092300.5061304655,40.02,25.16
460f859e,4982,1646,3336,0.67,2850,0.5721,10560.39,11244.820000000002,2914405.8898454434,1040433.8724046567,30.57,20.012
4630ab92,5307,1934,3373,0.636,1304,0.2457,11064.4,12027.45,3013720.5544017334,1102326.274497833,23.25,10.881
463c38f2,6048,1588,4460,0.737,1246,0.206,10730.92,11195.45,2935154.4169064155,1058622.5116517858,10.44,6.316
4654e7de,7010,1637,5373,0.766,346,0.0494,10620.98,11234.02,2909077.0208131243,1030556.5545235379,13.1,5.262
466fc788,7767,1570,6197,0.798,3535,0.4551,11141.52,12024.490000000002,3009768.2289880267,1101601.4419505603,30.59,16.967
46a301e9,9962,1736,8226,0.826,4381,0.4398,10257.71,10974.4,2973989.7533557517,1095818.3014956836,17.68,10.714
46a7190b,5646,1431,4215,0.747,2003,0.3548,11973.95,12517.06,3025379.9397803755,1097645.2286238044,26.65,13.31
46d24a09,6123,1674,4449,0.727,1230,0.2009,12162.28,12779.66,2948927.84781643,1017965.5895868038,40.75,21.034
46d41ff6,9226,1325,7901,0.856,2834,0.3072,11682.29,12078.86,2991906.9093182315,1067430.0806481682,17.27,7.153
46dfcfca,4921,1315,3606,0.733,2266,0.4605,12030.06,12526.15,3025010.09492786,1097849.2579211541,43.34,23.307
47222616,5835,1429,4406,0.755,969,0.1661,11775.81,12224.91,3009758.530947729,1095105.4801662383,23.07,12.728
47ee27ab,8274,1877,6397,0.773,1450,0.1752,10512.36,11383.6,2981102.6982269757,1105972.6998549674,17.11,7.811
481de5fc,7694,1742,5952,0.774,2641,0.3433,11278.79,12074.04,2922920.8469560696,1018804.9714933714,21.78,13.661
48c1f673,4666,1749,2917,0.625,364,0.078,9975.04,10881.91,2997491.43386841,1129523.1378525505,27.48,18.48
4936af16,5559,1568,3991,0.718,2856,0.5138,10294.1,10873.35,2990958.969312826,1117741.6445727649,13.29,5.127
493b5b31,6884,2213,4671,0.679,290,0.0421,11672.990000000002,12720.46,3035360.48651656,1093134.1874811156,32.21,20.806
49dbc14c,5198,1326,3872,0.745,3170,0.6098,10727.95,11208.09,2911723.6127087343,1045001.1182108503,8.99,5.472
4a035ec2,4522,1934,2588,0.572,401,0.0887,11795.22,12615.11,3006866.7414705884,1075714.8123684211,28.85,18.378
4a335117,6727,1712,5015,0.746,1801,0.2677,10144.21,11237.240000000002,2914575.4522476587,1046825.0816827709,47.35,25.015
4a8ecc0b,7374,1565,5809,0.788,135,0.0183,11016.75,11889.01,3005331.2720748573,1100626.3523867643,22.13,11.212
4b462989,4738,1632,3106,0.656,1742,0.3677,10285.43,10982.94,2927514.727642465,1057328.296798227,12.38,6.605
4b831d20,9433,2121,7312,0.775,349,0.037,11380.6,12565.66,3009595.065501961,1078658.4731251989,31.06,16.403
4c2208f5,7248,1864,5384,0.743,274,0.0378,11914.89,12722.77,3034678.559855133,1091212.7748799669,49.79,37.382
4c3168cf,5959,1625,4334,0.727,1264,0.2121,11335.04,12010.69,3011570.3348380597,1118140.829674442,12.81,4.399
4c3df468,6903,1511,5392,0.781,3344,0.4844,10466.61,10978.56,2885166.4128828044,1017497.5823207302,36.07,20.731
4caa7289,6854,1458,5396,0.787,3853,0.5622,10692.01,11208.25,2902080.154759264,1033387.5445739714,17.15,9.68
4cd1ac61,6709,2220,4489,0.669,729,0.1087,10886.34,11876.44,3004747.3579147416,1107038.5407363242,16.56,14.745
4cecf7b3,7676,1657,6019,0.784,3496,0.4554,11504.09,12068.56,3009360.7971925484,1101646.0578322043,17.73,8.797
4ddde4c1,6417,1945,4472,0.697,442,0.0689,10042.84,10967.34,3006924.223953561,1131803.2266354994,9.5,4.585
4e050c92,5236,1531,3705,0.708,906,0.173,11504.78,12051.3,3012363.095210084,1107755.2181130634,17.03,6.761
4ed93db6,6496,1839,4657,0.717,256,0.0394,10496.88,11384.63,3007421.959113301,1119359.8514208745,13.73,9.134
4f3eb9e9,5911,1214,4697,0.795,331,0.056,11140.42,11404.12,3005380.700536289,1119703.8918744712,54.49,33.079
4f4ac5ce,6899,1737,5162,0.748,3875,0.5617,10556.01,11211.33,2897499.0443933904,1026801.9995521089,14.15,8.251
4f4afcc6,7184,1539,5645,0.786,480,0.0668,10617.93,11198.09,2907263.512827116,1028841.181794265,20.44,8.324
4f69febf,7599,2139,5460,0.719,246,0.0324,9828.42,10963.63,2886648.7052638503,1027138.8753849191,22.3,14.941
4fbe9c06,7938,1651,6287,0.792,4749,0.5983,10473.18,11213.45,2909753.291617536,1035529.6760078105,19.22,12.701
504c8b08,8012,1645,6367,0.795,1479,0.1846,10386.37,11225.47,2912654.622789566,1040380.8502271593,30.42,20.657
511e1db0,5645,1824,3821,0.677,358,0.0634,10488.73,11203.89,2938557.714384411,1061432.4791018602,5.89,2.647
512943b2,6681,1652,5029,0.753,4867,0.7285,10607.19,11365.15,3004608.347349199,1114259.5054916928,11.48,4.033
5138a660,4829,1270,3559,0.737,1859,0.385,11635.18,12067.51,3013042.8710809695,1107560.7993083454,10.88,5.478
516088b7,8300,1655,6645,0.801,4530,0.5458,10736.7,11478.56,2981679.850787952,1106636.6847313254,15.3,6.372
521a7819,7224,2024,5200,0.72,1052,0.1456,10335.77,11229.79,2905654.814861573,1039938.9504831119,38.14,25.362
5254b6db,5115,1841,3274,0.64,1089,0.2129,11232.21,12052.36,2920525.3518709675,1015007.4274154446,10.3,7.294
529e88ca,5253,1836,3417,0.65,2627,0.5001,10155.92,11032.5,3003524.648172473,1137729.937698458,28.04,15.266
52f1e77a,6053,1611,4442,0.734,367,0.0606,11530.53,12047.25,3023023.189707583,1118274.3533471006,22.75,14.175
5305524b,6457,1559,4898,0.759,2103,0.3257,10455.29,10975.83,2888398.1075654333,1029477.6413659594,29.6,16.635
53134831,7214,2088,5126,0.711,3865,0.5358,11290.4,12212.46,3025715.7273565293,1118698.0152619907,22.35,17.344
5397ceb1,6811,1556,5255,0.772,542,0.0796,10842.46,11433.070000000002,2991625.253553076,1086694.2199779768,16.37,9.251
53f23031,10200,1650,8550,0.838,357,0.035,10693.22,11413.39,2985847.3213666664,1081724.2336568628,23.66,10.668
543198e8,8311,1808,6503,0.782,2243,0.2699,10152.62,11020.64,2921800.2451871014,1058586.8452568885,48.01,20.515
54753541,5679,1653,4026,0.709,1519,0.2675,10269.13,10826.28,2945053.377069907,1063992.638276105,50.68,16.223
54a7e3c2,7893,1738,6155,0.78,2444,0.3096,10519.92,11176.88,2970081.0506664137,1098330.617704295,18.43,11.038
5542c301,5433,1842,3591,0.661,2487,0.4578,10090.83,10996.4,2927776.4808724467,1057585.4930204307,11.12,5.501
5567d551,8390,1501,6889,0.821,5358,0.6386,10881.86,11429.83,2989164.9408939215,1104934.8986030987,24.62,10.289
55efee7f,6577,1776,4801,0.73,377,0.0573,10403.5,11245.03,2935610.2908362476,1058771.9647711723,44.62,25.835
5663b2b7,6907,1935,4972,0.72,1007,0.1458,11130.5,12071.36,2921874.761675112,1018306.6291848848,27.61,16.284
5693dde2,4846,1358,3488,0.72,2524,0.5208,11757.19,12251.38,3020865.1170326043,1112263.1351196864,13.11,6.958
56b00794,7293,1228,6065,0.832,3229,0.4428,10585.55,11032.27,2920055.976282737,1043294.6454709996,43.04,29.945
57796579,7622,1732,5890,0.773,493,0.0647,10342.23,11214.97,2937573.229206245,1061205.164981632,22.33,12.813
577eec7c,6085,1546,4539,0.746,1876,0.3083,9425.83,10094.35,2862840.8002021364,1040565.1667921118,31.64,18.875
57f05c51,6478,1707,4771,0.736,382,0.059,11799.51,12727.97,3035618.683769682,1093397.0707934548,63.52,36.324
58850d2c,6918,1923,4995,0.722,140,0.0202,11727.36,12537.14,3026360.774936398,1096197.1687033826,21.1,14.888
58fa8486,6126,1651,4475,0.73,1630,0.2661,11268.94,12058.92,2920700.315478289,1015942.0151469148,22.25,11.866
591cc951,6669,2060,4609,0.691,255,0.0382,10344.490000000002,11220.12,2936314.0796446246,1059323.7413390314,30.29,15.022
593876b6,6366,1524,4842,0.761,259,0.0407,10840.83,11385.9,3006654.010205781,1114035.0150895382,16.13,12.278
59f8b2e8,5668,1921,3747,0.661,1836,0.3239,10800.33,11521.1,2901782.8284262526,1010784.1012949893,11.62,6.235
5a1a8fd8,6814,1554,5260,0.772,3348,0.4913,11349.13,12027.14,3001701.365518051,1099421.387157323,26.59,13.165
5a5269a9,8053,1540,6513,0.809,3612,0.4485,10838.75,11416.28,2994795.522122191,1111162.078114988,11.41,5.863
5a5d1982,5446,1552,3894,0.715,1555,0.2855,10509.58,11213.88,2908901.534919207,1032827.4611072348,13.72,7.107
5a63b5d1,8052,1835,6217,0.772,4290,0.5328,10757.03,11513.25,2886210.889843517,1010729.2679371585,30.65,19.449
5aa03df7,6752,1881,4871,0.721,1899,0.2812,10385.42,11358.92,2978825.2862425954,1089082.576288507,28.92,6.586
5aa403d0,4702,1584,3118,0.663,2525,0.537,10307.01,10991.01,2926943.507477669,1056853.9164780946,30.37,25.684
5aef5c6c,4853,1732,3121,0.643,3000,0.6182,10553.83,11335.21,2968974.5196476406,1072911.751269318,30.21,10.926
5b7b6324,8197,1633,6564,0.801,4338,0.5292,12026.58,12555.81,2994729.478145663,1067375.7023179212,37.31,17.673
5bd25f59,6120,1910,4210,0.688,166,0.0271,9836.96,10805.7,2997058.036545752,1129285.7997222221,10.99,4.338
5beded95,4779,1722,3057,0.64,2598,0.5436,10654.67,11412.89,2984115.5173906675,1101210.423550952,25.61,16.644
5cb483ac,5206,1354,3852,0.74,568,0.1091,11524.570000000002,12010.59,3012004.765086439,1107753.4465904725,12.96,6.114
5cdd8dbc,5751,1741,4010,0.697,2143,0.3726,10484.9,11226.44,2912025.978242045,1043467.6647348288,36.57,17.232
5d11dfb5,7643,1748,5895,0.771,3315,0.4337,11395.990000000002,12241.4,2981092.410112521,1055520.6489114224,24.77,9.758
5d7198fd,4797,1429,3368,0.702,202,0.0421,11984.38,12248.28,3019135.862366062,1107182.2583427143,25.65,13.366
5def1ce5,7997,1554,6443,0.806,224,0.028,10621.05,11200.01,2908632.716072277,1034301.1821045392,16.71,8.052
5eae34a8,6652,1748,4904,0.737,3030,0.4555,10182.15,10911.08,2898580.514703848,1034267.9139010825,15.63,7.397
5f4d2a52,7112,1887,5225,0.735,1298,0.1825,10070.48,10959.12,2998063.6360306526,1118515.374334927,93.29,56.915
5f6756c5,8064,2133,5931,0.735,274,0.034,11252.23,12238.22,3015838.4841294643,1108118.363343254,15.41,8.574
5f75f796,7324,1762,5562,0.759,3227,0.4406,11912.48,12791.35,3016593.4137206445,1084280.5605912071,21.96,9.24
5fb1c15f,4857,1997,2860,0.589,2282,0.4698,10209.59,11035.320000000002,2928561.6393123325,1057868.598258184,23.08,18.291
5fffa282,6223,2022,4201,0.675,568,0.0913,10528.54,11438.39,2989428.822256147,1098414.578698377,10.53,5.318
60e37807,4641,1942,2699,0.582,108,0.0233,10502.29,11465.15,2986100.3330295193,1087189.2000258565,40.66,20.874
61f27424,8341,2121,6220,0.746,688,0.0825,11031.88,12151.05,2980062.1307744877,1055263.6268409062,5.95,2.815
62569ae3,5242,1654,3588,0.684,1412,0.2694,11282.65,11957.06,3022222.831629149,1116996.4469019459,16.64,8.163
62a6f539,5253,1560,3693,0.703,3280,0.6244,10549.13,11204.73,2917077.1975099943,1047579.5676185037,15.92,7.865
633774dc,7972,1739,6233,0.782,2667,0.3345,10388.67,11184.86,2969507.0210035127,1097801.5881761163,30.97,14.212
63559d57,5810,1741,4069,0.7,3321,0.5716,11481.820000000002,12149.61,3014671.9009535285,1111729.1743166952,15.67,5.894
647f2a41,5836,1955,3881,0.665,1806,0.3095,11021.570000000002,11901.86,2999137.2622583965,1092837.2620099382,16.46,6.546
65156b96,5046,1825,3221,0.638,245,0.0486,10227.04,11056.320000000002,2925998.5795937376,1056809.1151248515,25.06,6.077
653612bc,5946,1341,4605,0.774,230,0.0387,11535.66,11965.28,3025054.60417928,1118499.0627447022,5.31,2.833
656a067b,4896,1845,3051,0.623,939,0.1918,10165.1,11041.2,3007952.4649407677,1131168.8561846404,20.99,14.667
65a5466a,6117,1434,4683,0.766,1511,0.247,10328.45,10871.77,2999208.3418603884,1125202.8410331863,25.68,11.991
660d9546,6140,1408,4732,0.771,1148,0.187,11566.15,12012.79,3023973.9589250814,1118238.8438925082,21.91,9.434
6767c111,8354,1571,6783,0.812,4061,0.4861,10354.84,11079.820000000002,3005426.0760952835,1137170.8940926502,40.21,17.475
67847288,9174,1745,7429,0.81,4270,0.4654,11768.42,12542.05,3007156.5452594287,1077829.658176368,24.65,11.461
67a8da4a,6645,1734,4911,0.739,1153,0.1735,11941.87,12692.63,3021016.6286049658,1084125.6370790068,27.78,14.487
684a6fc1,11449,1631,9818,0.858,5663,0.4946,10222.76,10967.05,2961405.298775439,1077018.3476766532,38.03,24.031
698930d1,6498,1757,4741,0.73,767,0.118,10188.19,11059.85,3007158.877036012,1131548.4874915357,26.88,10.389
699ea575,5474,1354,4120,0.753,2320,0.4238,11536.42,12010.77,3012229.423925831,1102319.616213007,19.72,10.393
69c1bdad,4645,1931,2714,0.584,1719,0.3701,10679.47,11435.45,2979217.432277718,1098322.5045145317,17.96,9.79
69e41fa6,7167,1395,5772,0.805,2899,0.4045,11563.78,12055.75,3021710.9336151807,1115969.544540254,12.74,5.862
6a0ff78e,7890,1425,6465,0.819,330,0.0418,10701.34,11231.58,2908905.7560468945,1034486.2559860583,25.57,11.351
6a8fa194,4657,1640,3017,0.648,283,0.0608,11311.15,12004.7,2910188.744221602,1017498.8372750699,14.82,8.348
6ae68655,5948,1744,4204,0.707,1122,0.1886,11387.98,12133.59,2989585.7098520515,1059279.7123655009,8.71,5.26
6d1d74e1,7316,1486,5830,0.797,2147,0.2935,10528.14,10978.17,2885723.7813012577,1017650.2686262986,24.75,11.888
6d590e26,7842,1746,6096,0.777,2361,0.3011,10579.070000000002,11395.89,2995075.44952053,1117944.6429737313,21.2,8.63
6d6d93af,5305,1710,3595,0.678,2143,0.404,10941.95,11542.75,2902130.3667144203,1011485.5626333648,51.78,32.195
6dbe4b60,6673,2025,4648,0.697,3128,0.4688,10619.070000000002,11413.19,3004987.305081672,1114229.6549108347,15.43,8.699
6e6d122c,7083,1451,5632,0.795,1828,0.2581,11729.03,12285.7,3010104.354203021,1089386.4718791472,22.25,9.117
6e9ccd38,9619,1337,8282,0.861,378,0.0393,10372.05,10714.42,2869612.6346002705,1028871.841787088,23.48,12.239
6ea22614,7894,1923,5971,0.756,3391,0.4296,9943.52,10877.59,2992893.343474791,1118200.8623701544,12.88,6.475
6ede926a,6621,1683,4938,0.746,2296,0.3468,10540.38,11220.31,2902521.671247546,1033405.6789774959,12.43,7.687
708caea9,8482,1934,6548,0.772,1677,0.1977,10130.12,11064.740000000002,3005949.683086536,1137399.1515703844,50.64,34.916
70925e23,8072,2125,5947,0.737,847,0.1049,11723.79,12710.42,3024090.939546581,1078140.9107569375,26.85,14.785
70e1788b,11338,2053,9285,0.819,460,0.0406,9729.56,10687.4,2871706.5680269888,1029523.3383295113,13.63,7.159
71642c7d,6657,2009,4648,0.698,1492,0.2241,11842.8,12846.06,2944928.903467027,1012444.1771909269,21.69,11.901
71ccf778,4623,1925,2698,0.584,209,0.0452,11110.77,11989.7,2910958.126383301,1018098.6652757949,8.44,5.389
7224331b,7566,1503,6063,0.801,5219,0.6898,11644.240000000002,12182.2,2982126.5213084854,1055796.005728258,9.77,4.338
722cf0d8,7275,2132,5143,0.707,282,0.0388,9929.03,10954.29,2887405.466756014,1027989.3776329897,18.54,11.127
7256229b,6972,1557,5415,0.777,4506,0.6463,10155.56,10911.490000000002,2997095.406014056,1119115.4828614458,15.94,6.645
726f3dc2,8619,1896,6723,0.78,3065,0.3556,10594.28,11446.19,2980987.7093433114,1105821.8363835711,16.56,6.931
7271dd80,5765,1425,4340,0.753,253,0.0439,10108.45,11000.93,2958121.3636478754,1076975.5271899393,12.89,8.314
727a3a10,6342,1945,4397,0.693,1735,0.2736,11911.73,12763.92,3035245.6248691264,1098530.7304698832,18.55,12.364
729665c0,5775,1512,4263,0.738,2421,0.4192,11293.51,11873.51,2999484.693565368,1093005.347291775,14.43,8.663
729e9750,7427,1508,5919,0.797,4165,0.5608,10401.990000000002,10975.55,2888887.6363296076,1020214.8260280059,16.02,8.826
729f4217,7592,1397,6195,0.816,3796,0.5,10745.91,11224.85,2910143.3313211272,1035640.6140858798,20.02,16.252
72dd8501,6928,1735,5193,0.75,3365,0.4857,11250.13,12026.64,3007079.16596709,1101390.280728926,9.4,6.072
73348914,5686,1465,4221,0.742,1147,0.2017,12396.4,12762.13,2944824.2524657054,1012193.8001494901,20.45,10.692
739a914f,7319,1814,5505,0.752,2964,0.405,10480.320000000002,11392.97,3008945.6199549115,1114339.0292485312,27.32,13.54
73b1447d,7522,1852,5670,0.754,2601,0.3458,11412.63,12321.54,3009641.969380484,1089369.3284711512,35.42,13.405
74b6186b,5148,1743,3405,0.661,3162,0.6142,9994.59,10811.6,2957766.855578866,1089245.5190326339,11.1,9.007
75c20ec7,7205,1844,5361,0.744,4527,0.6283,11359.35,12238.48,3003267.3511866764,1092387.9138167938,21.56,11.054
75cd5f11,6410,1464,4946,0.772,1614,0.2518,10625.05,11224.55,2909935.7391575663,1037507.1653447738,10.54,5.26
75d20a82,7002,1935,5067,0.724,994,0.142,11065.12,12071.73,2921848.533357612,1018345.7491459583,28.38,17.231
76201745,5858,1410,4448,0.759,2761,0.4713,10179.65,10630.38,2999497.493076135,1125120.704571526,17.82,7.882
764072a5,4594,1645,2949,0.642,2614,0.569,10470.22,11190.4,2909811.333106226,1041561.4465563778,12.24,6.358
77b0d905,5923,1749,4174,0.705,1349,0.2278,11478.3,12225.55,3010865.4309083237,1095569.131943272,19.57,13.048
77e4821c,6540,1147,5393,0.825,3839,0.587,10687.02,11224.14,2921675.7711880733,1044802.8096299693,40.24,19.219
7850c72e,7712,2215,5497,0.713,344,0.0446,11817.75,12893.89,3036360.6899481323,1093642.4941143673,24.43,12.351
78a4a386,6246,1127,5119,0.82,1297,0.2077,11221.54,11380.47,2981286.9521085494,1105749.7485991034,12.08,5.866
79507629,7320,2018,5302,0.724,937,0.128,11516.81,12560.5,2999769.734247268,1073879.3416967213,22.41,12.57
796dbd4c,8069,1821,6248,0.774,3001,0.3719,9995.66,10907.17,2993228.3821787084,1118368.1731317388,9.76,4.868
7987f2f2,5714,2009,3705,0.648,2564,0.4487,11340.93,12235.41,3014178.7313300665,1111884.7426951348,30.08,12.03
7993a768,7047,1560,5487,0.779,1210,0.1717,11439.17,12172.3,2986228.021955442,1061411.9404058466,15.94,8.945
7a5660b0,6936,1938,4998,0.721,258,0.0372,11839.68,12735.01,3019291.2209328143,1089945.5517863322,30.67,13.453
7acda2df,4552,1461,3091,0.679,541,0.1188,10739.79,11210.77,2916700.1567135327,1042043.4027943762,25.3,13.841
7b2c7b3c,4231,1647,2584,0.611,153,0.0362,10882.28,11429.41,2986665.1782415505,1087555.3117253603,17.02,6.173
7b38844c,5197,1448,3749,0.721,618,0.1189,11554.68,12054.47,3011662.5316105443,1107756.604466038,17.21,7.388
7bb17b96,5295,1373,3922,0.741,2223,0.4198,11548.43,12040.35,3013589.941620397,1107635.4930632673,30.9,17.009
7c607683,7001,1673,5328,0.761,2344,0.3348,10348.44,11226.97,2906646.9469104414,1040937.1339851451,23.79,16.865
7cbbd047,6790,1669,5121,0.754,1030,0.1517,11277.63,12036.96,3017002.0596229755,1111849.204802651,22.36,12.533
7cd4bb31,7959,1520,6439,0.809,2477,0.3112,10673.67,11206.92,2905785.757240859,1027869.8637944466,13.97,5.914
7d50373e,6494,1372,5122,0.789,1643,0.253,10690.63,11226.8,2902221.2534000617,1023937.2638327687,18.67,14.288
7d57c75d,6147,1742,4405,0.717,532,0.0865,10083.46,10832.71,3003936.810092728,1130166.497655767,38.61,14.198
7e208414,5732,1506,4226,0.737,478,0.0834,11526.62,12034.5,3010771.2609176557,1107990.8003401954,9.5,6.382
7e721392,8301,2127,6174,0.744,4458,0.537,10567.14,11516.37,2885760.3900590288,1010589.0550897482,53.05,40.332
7ff89f8f,9539,2202,7337,0.769,1941,0.2035,9631.19,10709.4,2869507.7835727017,1028225.7099633085,26.59,14.156
8050c789,4940,1863,3077,0.623,1241,0.2512,11448.16,12295.98,3007177.9660566803,1084684.1547955466,16.11,7.786
807f0298,5499,1752,3747,0.681,2106,0.383,10413.4,11061.4,3006241.2504855427,1138904.2240498273,24.41,8.854
811f52b3,6674,1838,4836,0.725,416,0.0623,10349.39,11228.17,2905170.7465882534,1034051.7681420437,12.4,4.598
81bf5923,6386,1843,4543,0.711,484,0.0758,11957.64,12788.35,3035617.765259943,1098987.8206013155,53.56,31.319
81fc01c6,7655,1746,5909,0.772,1259,0.1645,9969.61,10834.36,2954553.2567629,1088138.1181828869,39.65,15.008
8255c867,5338,1749,3589,0.672,1166,0.2184,10267.36,11193.2,2915341.3836418134,1040818.4881753466,42.06,25.38
82aab6d2,7889,1749,6140,0.778,2797,0.3545,11383.03,12173.55,2980875.084333882,1055555.3991925465,28.46,16.359
82fcf37c,7397,1383,6014,0.813,3860,0.5218,10498.93,10968.62,2882175.95506016,1023201.6983060702,12.99,6.562
833af382,5377,1749,3628,0.675,1445,0.2687,10404.69,11176.0,2915884.9974614093,1041252.6732360051,23.28,11.932
8382f4b6,6680,1713,4967,0.744,4021,0.6019,10900.71,11427.89,3009796.142845808,1119408.4446526945,56.42,35.958
84633df4,6719,1747,4972,0.74,3532,0.5257,10026.76,10883.27,2991744.746670636,1124231.4279237983,8.59,4.736
8478df29,6698,1841,4857,0.725,4091,0.6108,10096.72,10928.93,2991995.9392893403,1124287.1241161542,17.84,14.043
84815d5a,5286,1639,3647,0.69,1291,0.2442,11061.2,11976.68,3013528.600227015,1102332.5912845253,34.37,18.796
84c3b497,6887,1575,5312,0.771,1196,0.1737,10984.68,11564.05,2888723.417448817,1010671.0908697546,47.61,18.96
85380836,8175,1557,6618,0.81,3400,0.4159,10580.45,11218.02,2906187.109478899,1040417.2663327217,22.89,14.166
8612b37f,6807,1642,5165,0.759,3854,0.5662,11245.64,11919.36,2999615.357368885,1104708.977157338,39.27,19.617
861e71df,6284,1584,4700,0.748,829,0.1319,10495.53,11398.37,3007077.064024507,1114104.7603532781,17.99,11.54
86454a6f,9100,1136,7964,0.875,7289,0.801,12057.48,12274.63,3002705.7847769232,1086096.9001098901,96.69,70.263
8648abae,6086,1842,4244,0.697,287,0.0472,11095.58,12028.46,3015694.484017417,1107543.602678278,15.22,6.858
865033f8,5303,1746,3557,0.671,3036,0.5725,10414.46,11202.15,2916567.432811616,1047111.6122685272,11.48,5.94
87695469,8654,1651,7003,0.809,3701,0.4277,9267.54,10109.36,2874866.951026115,1045711.0190328171,13.63,7.052
877ed19c,5631,1923,3708,0.658,1560,0.277,10578.88,11367.01,3012211.1286947257,1113071.3839762032,11.37,3.962
87aa3730,7293,1686,5607,0.769,1572,0.2155,10624.09,11224.7,2906987.527084876,1028622.8625243383,20.23,9.116
884ecb5f,8054,1330,6724,0.835,332,0.0412,10636.75,11213.88,2909091.4223913583,1034786.1116066551,39.97,19.929
8902c3f6,6533,1574,4959,0.759,3012,0.461,10203.31,10784.39,2946297.3326128884,1066683.3375769171,18.03,8.832
896d15b9,5698,1419,4279,0.751,3454,0.6062,11475.54,11990.84,2912989.0648473147,1018001.9194945596,45.31,29.785
8995c945,8198,1474,6724,0.82,908,0.1108,10274.87,11016.75,3006202.724466943,1137618.652312759,29.89,17.05
89969c7a,6317,1370,4947,0.783,2269,0.3592,10014.97,10922.1,2994792.221043217,1123997.1109339877,15.89,8.235
89f1085d,7497,1503,5994,0.8,2382,0.3177,12440.71,12823.52,3001505.1283019874,1066111.4913965587,43.59,27.631
89f36adf,7041,1749,5292,0.752,3913,0.5557,11446.98,12242.12,3025385.5570302512,1118652.9526828576,12.79,4.478
89fdb2f2,3570,1539,2031,0.569,1578,0.442,11417.56,11956.73,3011875.3297086833,1109063.1290364144,5.33,1.687
8a3da6d1,6334,1741,4593,0.725,2574,0.4064,11190.25,12020.75,3007778.758080202,1107375.302006631,17.74,9.412
8a89da23,5575,1640,3935,0.706,838,0.1503,10562.97,11232.81,2911890.475750673,1038993.3928968611,36.21,24.252
8a9c8932,6344,1681,4663,0.735,282,0.0445,10773.47,11287.01,2900089.5521327243,1028145.2950204919,5.89,2.397
8ac2f237,6775,1456,5319,0.785,307,0.0453,10821.26,11370.320000000002,3008770.511895203,1119547.5339793358,40.77,16.451
8b12bab6,6980,1746,5234,0.75,3844,0.5507,10990.06,11885.23,2999684.7068796563,1098086.1614498568,28.51,15.811
8b5be31b,7439,1767,5672,0.762,4236,0.5694,10014.08,10856.1,2952406.813185912,1086342.5751579513,27.48,14.429
8b95d6d1,2783,1052,1731,0.622,1120,0.4024,10271.92,10780.38,2946251.66756378,1069044.7641681638,16.6,12.822
8b9d8326,7832,1669,6163,0.787,4751,0.6066,11565.53,12255.22,3001613.9538432076,1075454.3888278857,14.25,6.583
8bb9c1e6,6382,1836,4546,0.712,752,0.1178,10410.240000000002,11187.68,2905008.3260075212,1033733.5607019742,12.47,5.877
8bda1a11,7438,1457,5981,0.804,3923,0.5274,10403.95,10988.76,2889251.887286905,1020604.301189836,26.34,12.861
8bfa881d,5843,1754,4089,0.7,2466,0.422,11432.56,12235.0,3012691.302628787,1096323.5669484853,53.19,24.908
8c167025,7113,1745,5368,0.755,945,0.1329,10066.55,10791.33,2943157.881923239,1062088.8516420638,26.72,12.842
8c8348e8,5581,1693,3888,0.697,1474,0.2641,11832.05,12451.21,3025208.263158932,1097672.8318079198,14.55,6.541
8cc21f01,5806,1762,4044,0.697,1865,0.3212,10920.820000000002,11762.95,2966397.536503617,1063263.421720634,12.48,5.692
8cc800b3,8091,1515,6576,0.813,336,0.0415,10297.13,10911.96,2990890.6461413917,1109625.217479916,20.47,13.895
8d5d46d7,7282,1527,5755,0.79,1763,0.2421,10576.84,11234.43,2905418.11625927,1034853.03532546,26.25,14.449
8d92cb49,4839,1250,3589,0.742,948,0.1959,10980.53,11435.38,2989571.00961769,1091545.8495226286,21.67,7.262
8f201368,8151,1802,6349,0.779,3961,0.486,10428.75,11213.42,2905967.072902711,1040110.3124524598,43.93,31.179
90386ee4,5304,1464,3840,0.724,2363,0.4455,10668.2,11205.8,2906441.0706504523,1026625.1534464554,22.37,10.153
91abc4c7,7787,1939,5848,0.751,4420,0.5676,10072.240000000002,10972.27,2898276.24806986,1028080.7380544497,15.7,7.027
91b301ce,8512,1942,6570,0.772,1191,0.1399,10398.56,11050.06,2919668.66050282,1056340.3064696898,91.02,35.315
91db7070,5646,1573,4073,0.721,1664,0.2947,11409.990000000002,12091.570000000002,3014057.5189125044,1097327.633413036,62.39,40.807
925a7cd1,6501,1984,4517,0.695,1041,0.1601,11298.59,12096.44,3001779.9590216894,1092186.8839640054,9.65,4.613
9283ae69,5118,1747,3371,0.659,1798,0.3513,10213.67,10991.7,2926091.0112192263,1061832.1260394685,9.84,6.173
9298ad5b,5807,1843,3964,0.683,2632,0.4532,10404.11,11178.05,2976654.400194593,1094669.8220630274,30.45,13.09
9314ff13,4494,1746,2748,0.611,179,0.0398,11386.88,11999.37,2911283.037554517,1018427.1317668002,11.22,5.19
93209a3d,6300,1603,4697,0.746,3368,0.5346,11292.53,11890.23,3004412.329304762,1106807.192057143,18.45,13.658
939d9c34,6627,1526,5101,0.77,2816,0.4249,10864.490000000002,11891.93,2993130.5241662897,1102458.3525577183,36.56,15.729
93f5d2e6,5171,1480,3691,0.714,1525,0.2949,10515.2,11038.240000000002,2929696.859238059,1053440.7698704312,47.94,20.106
940a48d9,5627,1664,3963,0.704,1045,0.1857,10090.53,10924.01,2991345.2748445,1117778.4118713348,18.68,10.063
940e709a,4989,1641,3348,0.671,1713,0.3434,10347.04,11045.44,2925748.888909601,1061554.3936901183,8.32,4.652
9426ec1e,3923,1391,2532,0.645,535,0.1364,11547.34,12019.06,3012741.862452205,1107072.956854448,17.82,12.079
94467f50,5116,2081,3035,0.593,1302,0.2545,9713.31,10778.070000000002,2938039.084851447,1066220.6187099295,32.79,7.795
944f36b9,6035,1405,4630,0.767,951,0.1576,10355.97,10861.01,2999572.852573322,1125127.759615576,10.71,6.513
94d813a4,6591,1744,4847,0.735,1754,0.2661,11922.76,12740.58,3020657.1337338793,1084022.782131695,61.39,36.731
95b559e7,4638,1751,2887,0.622,1066,0.2298,11180.13,11969.070000000002,3023623.0691354033,1119372.581763691,28.14,20.383
95c8427f,8051,1716,6335,0.787,1492,0.1853,10401.13,11218.61,2912684.359491989,1040940.338131909,39.93,27.216
96936c22,4997,1651,3346,0.67,868,0.1737,11387.37,12097.61,3007090.6429277565,1088692.6904842907,10.54,4.08
96ae5806,11527,1688,9839,0.854,6365,0.5522,11339.42,12125.4,2993632.613615858,1067467.7874416588,21.33,8.451
96b7eea1,6078,1746,4332,0.713,2286,0.3761,10319.75,11142.61,2985472.7946561365,1110264.1093715038,15.69,12.405
9719aa04,6665,1794,4871,0.731,273,0.041,10157.78,10972.06,3006487.5698349588,1132106.1296474119,13.67,7.077
974802e7,7537,1694,5843,0.775,4248,0.5636,9454.19,10126.28,2869651.3046981557,1049061.5096205387,33.68,13.805
97cd5bf9,5099,1650,3449,0.676,3090,0.606,10088.84,10840.71,2956169.2389723477,1087870.326422828,17.21,9.274
98177ced,6789,2017,4772,0.703,279,0.0411,11703.43,12686.490000000002,3036030.2062100456,1093675.289294447,12.97,5.78
9896fc0b,5109,1514,3595,0.704,1935,0.3787,10383.34,10986.89,2930492.3212429048,1054117.9041123507,43.8,15.815
98bc6f66,7720,1657,6063,0.785,3264,0.4228,10215.64,10973.23,2881421.8090712433,1022452.7189261658,25.92,17.645
992c99e8,6740,1836,4904,0.728,2357,0.3497,10562.42,11394.47,3006417.3562611276,1119259.617183976,26.07,13.779
992ce078,4661,1782,2879,0.618,192,0.0412,11185.47,12006.43,2910605.7478309376,1017791.2500193092,10.24,5.025
99529c45,7591,1751,5840,0.769,4075,0.5368,10370.73,11162.56,2896202.353438282,1025629.7063061519,30.36,21.676
995ff498,6127,1601,4526,0.739,3207,0.5234,10570.18,11224.21,2905014.2702252325,1036408.0277117677,17.8,8.344
999daf80,5439,1875,3564,0.655,452,0.0831,10466.18,11153.73,2916338.1979150577,1046812.1015223387,9.81,5.122
9a6b0392,5802,1547,4255,0.733,2805,0.4835,10010.61,10630.23,2998088.224034815,1125149.0488590142,15.87,6.974
9a8ae0d6,7835,1541,6294,0.803,3896,0.4973,11355.97,11964.27,3008978.956265476,1101478.1716860242,13.75,5.937
9a95e33f,8156,1709,6447,0.79,1091,0.1338,10613.2,11506.64,2887909.763467386,1010823.5422805297,52.75,32.289
9ab94eeb,6372,1930,4442,0.697,3216,0.5047,10143.36,10991.87,2921264.7263088515,1051416.3976302573,16.45,8.206
9ad5410a,5749,1544,4205,0.731,463,0.0805,11431.34,11922.0,3003147.491094103,1106657.9964793879,14.07,8.784
9ae248be,6655,1384,5271,0.792,1986,0.2984,12348.87,12772.08,2948322.6097145006,1017724.8187392937,14.92,8.107
9af1ffd0,5454,1929,3525,0.646,339,0.0622,9987.34,10816.44,2951385.3176677665,1083576.4256839019,32.29,18.128
9b5b61c1,7215,1683,5532,0.767,804,0.1114,10360.52,11147.09,2973537.515423423,1093649.6529854469,14.18,5.43
9b9e3b49,6875,1757,5118,0.744,3623,0.527,11088.92,11922.4,3008543.6481992723,1113161.0099636363,18.8,7.924
9bd2bba3,9092,1653,7439,0.818,344,0.0378,11706.71,12546.64,3007898.86983502,1078127.9197261329,22.45,15.673
9c211c53,8842,1577,7265,0.822,4223,0.4776,9462.08,10092.69,2868496.4759149514,1048865.5620934176,12.97,6.467
9c350a6a,7794,1742,6052,0.776,3361,0.4312,10589.48,11429.29,2997667.9058493716,1098407.9394380292,32.3,17.398
9c8375f7,5432,1758,3674,0.676,1388,0.2555,10337.45,11209.46,2916242.9333781297,1041555.2293225332,11.0,5.917
9d072e4c,6798,1691,5107,0.751,955,0.1405,11464.27,12031.55,3001178.285085319,1099557.977602236,19.73,9.991
9d3ec64c,4937,1457,3480,0.705,910,0.1843,10089.5,10817.2,2953951.6318189185,1080435.7863013975,15.41,9.188
9d4272e3,5771,1741,4030,0.698,2992,0.5185,11763.2,12527.12,2999082.148939525,1071646.8117743891,26.91,17.768
9d5e14d4,6565,1165,5400,0.823,3462,0.5273,10236.03,10964.68,2889307.202539223,1030180.3148179741,40.82,28.543
9da441ba,7283,1500,5783,0.794,1546,0.2123,10902.89,11377.97,2998560.3639214607,1112151.7878374297,28.7,15.619
9dede370,8057,1760,6297,0.782,2989,0.371,11364.37,12239.490000000002,2980680.780381035,1055477.399936701,37.93,18.676
9def2eb2,7750,1747,6003,0.775,921,0.1188,10725.68,11450.35,2984880.0097767743,1082638.6455729033,13.45,7.254
9df1b1f9,6444,1743,4701,0.73,4202,0.6521,11130.28,12019.86,3014735.8675962137,1107364.1334528245,20.15,12.592
9dfff011,6067,1748,4319,0.712,2115,0.3486,10494.89,11425.740000000002,2985722.8323339378,1093182.6925811768,9.3,4.846
9e3e364d,5809,1519,4290,0.739,3002,0.5168,10892.48,11412.27,3013045.113935273,1113517.7747150972,17.67,4.097
9efc812e,6100,1650,4450,0.73,131,0.0215,10614.97,11188.44,2942510.7571950825,1057213.3308131148,13.75,7.747
9f0c7bae,4040,1498,2542,0.629,1118,0.2767,12444.08,12803.68,2950013.789829208,1013164.6827004951,12.68,7.898
9ffce529,6675,1463,5212,0.781,2415,0.3618,11465.3,12062.28,2924424.998569288,1021175.8119250936,23.2,11.085
a0383629,7687,1855,5832,0.759,4026,0.5237,10484.11,11202.21,2895369.874657213,1033740.7080772733,15.63,8.416
a056d01e,8292,1735,6557,0.791,2031,0.2449,10982.63,11748.39,2973179.333019778,1067098.3659394595,24.91,8.584
a08d9e63,5199,1514,3685,0.709,1159,0.2229,10407.4,11025.96,2929022.540765532,1052885.7313579535,34.75,21.463
a0b83014,6873,1838,5035,0.733,3664,0.5331,10460.94,11422.73,3007840.9006300014,1120342.493669431,26.04,17.518
a0e92ed6,6446,1549,4897,0.76,2901,0.45,11561.63,11966.64,3011032.9553164756,1118545.56826404,23.21,8.115
a15bc102,5124,1888,3236,0.632,2742,0.5351,10082.0,10954.02,2960712.316403201,1085776.173784153,6.14,2.579
a247e7cf,7237,1563,5674,0.784,4041,0.5584,10374.23,10981.51,2889693.0532596377,1020891.9052825756,9.97,4.201
a2e8e7f6,5812,1052,4760,0.819,2479,0.4265,10271.78,10794.84,2947228.1705006883,1067903.4303922919,19.58,10.698
a3518960,6992,2025,4967,0.71,249,0.0356,11054.62,12157.93,3024068.0454919906,1111414.9894407894,12.76,7.101
a3f71395,7040,1497,5543,0.787,643,0.0913,12223.17,12789.45,2946069.3968409095,1017544.0322940341,22.44,15.089
a4719920,7495,1611,5884,0.785,4730,0.6311,10885.18,11453.070000000002,2989866.278713809,1086007.9211647764,13.02,7.205
a48640d9,6586,2054,4532,0.688,829,0.1259,11718.31,12537.15,3009876.745698451,1071205.2227558456,27.4,21.627
a4cdbb0f,6759,1555,5204,0.77,279,0.0413,10427.84,10985.85,2887678.448993934,1028618.3814484391,20.95,11.15
a4f989c2,7024,1639,5385,0.767,332,0.0473,10572.9,11172.06,2973885.8970629275,1093828.8627292141,20.23,10.579
a5aa7973,6449,1833,4616,0.716,2281,0.3537,10128.56,10966.38,3007442.634256474,1131137.866990231,22.94,14.16
a5e6f7dc,7331,1682,5649,0.771,3755,0.5122,10702.26,11406.63,2991973.4346432956,1110077.0439762652,16.81,6.351
a612d5a0,7160,1831,5329,0.744,328,0.0458,10418.89,11173.11,2973258.4202835197,1093365.6173673184,27.37,19.257
a622ce4d,8047,1749,6298,0.783,3492,0.434,10791.14,11422.72,2995395.115361004,1111374.2205505157,29.48,14.236
a645da9a,6766,1613,5153,0.762,1193,0.1763,11265.93,12040.38,3017882.3064631983,1111776.401690807,18.03,8.951
a692b17e,5409,1843,3566,0.659,3229,0.597,10341.820000000002,11201.46,2909080.151869107,1041318.7281105566,27.17,13.138
a6b8ac67,7017,1564,5453,0.777,502,0.0715,12040.55,12773.51,2946783.3741627475,1017659.6311928175,21.1,10.876
a6ed2eff,7054,1779,5275,0.748,3679,0.5215,10471.67,11335.85,3010091.7614544937,1119317.0266373688,21.2,8.633
a6f967fb,7032,2362,4670,0.664,281,0.04,11508.97,12685.43,3035606.562797213,1093403.3825170647,21.88,13.763
a76db406,6451,1779,4672,0.724,75,0.0116,9935.17,10788.36,2946530.537046969,1067194.4520601458,15.42,3.704
a7744f5b,6017,1640,4377,0.727,948,0.1576,10541.81,11225.91,2908462.7278361307,1032813.9432873526,29.4,13.085
a783cc24,3275,1386,1889,0.577,339,0.1035,10310.89,10778.33,2939256.0596122136,1067683.666854962,55.78,26.725
a79fd2e7,6327,1923,4404,0.696,2869,0.4535,11112.9,11976.59,3007985.5409846692,1107331.2272625256,21.28,12.374
a7fc3e6b,6378,1614,4764,0.747,3871,0.6069,10238.88,10980.9,2951549.617483537,1071579.5975446848,33.05,18.15
a85bb86f,5100,2001,3099,0.608,767,0.1504,10244.93,11161.09,2918224.278909804,1048462.5427607843,18.26,7.874
a85e4bc3,5993,1412,4581,0.764,2926,0.4882,9545.96,10093.820000000002,2861974.804221592,1039789.529684632,20.41,9.638
a87433c9,7460,1739,5721,0.767,4042,0.5418,11066.45,11907.0,3004226.890226542,1100464.6186367292,20.06,9.58
a8ed028a,7310,1772,5538,0.758,333,0.0456,12061.12,12859.44,3034460.337668947,1091164.720127223,36.59,19.045
a959858c,5770,1366,4404,0.763,3246,0.5626,10968.21,12224.91,3020304.1732374355,1107168.4727175042,91.06,65.359
a9c9b150,5826,1840,3986,0.684,2925,0.5021,10329.26,11162.18,2984988.439227601,1110379.0364778577,3.88,1.163
aa95015b,5761,1461,4300,0.746,1917,0.3328,10745.820000000002,11366.19,3001288.107512584,1114629.9102864088,21.38,11.725
aaaf3c03,4728,1731,2997,0.634,284,0.0601,11219.3,12020.37,2909294.766831641,1016920.0965482233,24.53,15.08
aaeffccb,4586,1874,2712,0.591,2492,0.5434,11325.46,12219.37,3007806.031718273,1089795.0669210642,7.36,4.756
ab112491,7178,1993,5185,0.722,329,0.0458,11287.43,12319.27,2998264.2671955978,1088070.8283156867,42.77,28.204
ab18d3fc,7337,1643,5694,0.776,2161,0.2945,11549.25,12292.990000000002,3010764.903479624,1089697.7197519422,26.1,16.598
ab3ced07,6008,1758,4250,0.707,2622,0.4364,11455.27,12250.08,3012149.266842543,1096041.4101997337,20.04,9.798
ab6fe95d,7424,1933,5491,0.74,1754,0.2363,9245.19,10083.17,2857752.3258378236,1042910.4006505928,17.65,6.68
ab94878e,7652,1648,6004,0.785,340,0.0444,10366.15,11189.6,2937824.5361826974,1061438.4960859905,16.84,6.09
abf460d2,4763,1546,3217,0.675,2439,0.5121,11510.05,12109.27,3007322.34508713,1088843.5437161454,22.4,8.351
ac6f01d5,6729,1725,5004,0.744,162,0.0241,11722.96,12532.52,3015957.88444494,1091371.8287605885,23.79,15.963
ad2133a8,7187,1458,5729,0.797,1989,0.2767,11366.0,12076.59,2923344.286311396,1019046.0217364687,42.25,28.088
add9c322,5519,1587,3932,0.712,3037,0.5503,10234.44,10888.42,2990307.6718463493,1117293.5421090776,22.74,12.297
ae069086,6741,1971,4770,0.708,44,0.0065,10231.08,11214.76,2935988.1019195965,1059018.1197344607,29.15,14.586
ae0784a8,9171,1348,7823,0.853,4907,0.5351,11656.21,12091.29,2992525.4541565804,1067654.792703086,24.26,10.877
ae35f33a,6469,2019,4450,0.688,1953,0.3019,11745.65,12687.87,2945266.286647086,1012372.5382300202,12.03,5.095
ae8959c3,6645,2127,4518,0.68,514,0.0774,9798.98,10903.67,2996169.8932942064,1129404.4641820919,34.2,19.768
aed44918,4020,1301,2719,0.676,2643,0.6575,12440.89,12787.23,3001272.958696517,1067550.9354800996,16.29,9.489
aee6393a,7146,1281,5865,0.821,3492,0.4887,10636.68,11016.83,2920585.2513098237,1043824.4488119228,13.24,4.666
af7a59ce,4330,1306,3024,0.698,1115,0.2575,10856.4,11319.96,2904240.869939954,1024862.9943556583,6.93,4.115
aff4e561,7723,1697,6026,0.78,2658,0.3442,10195.4,10961.72,2881863.4026854853,1022786.0628551082,21.04,10.852
b04b58a3,5229,1827,3402,0.651,287,0.0549,10126.66,10772.84,2943806.22805699,1071900.8182080702,22.2,13.059
b0d42b0d,6357,1386,4971,0.782,3394,0.5339,10592.89,11092.04,2983423.4937344664,1108611.2502296683,26.45,19.797
b0f53bf4,4202,1447,2755,0.656,1153,0.2744,11862.35,12224.22,2998576.900766302,1091652.3132032366,18.67,9.231
b19b0395,7196,1383,5813,0.808,286,0.0397,10688.87,11209.28,2900874.0454849913,1022318.879947193,15.76,10.045
b1efb8a4,7562,1564,5998,0.793,376,0.0497,11391.35,12032.56,3006248.2958873315,1100623.5339288549,16.99,8.507
b32902c0,5737,1929,3808,0.664,2778,0.4842,10075.52,10941.35,2989965.844000349,1117203.6441502527,21.95,5.155
b32e4903,7420,1650,5770,0.778,461,0.0621,10434.85,11197.66,2901998.398491914,1029097.7204528302,13.29,5.864
b3388334,7807,1727,6080,0.779,1793,0.2297,10642.52,11506.240000000002,2888322.069107212,1010727.5444024594,33.24,14.23
b37fd114,9786,1625,8161,0.834,836,0.0854,10831.23,11416.78,2987270.1716932356,1082243.4911863888,43.52,24.979
b38e3116,7954,1743,6211,0.781,420,0.0528,11227.96,12032.6,3006584.150564496,1100675.5455896405,19.78,6.404
b4d8dd4f,5909,1650,4259,0.721,664,0.1124,10426.98,11231.96,2915093.760318159,1047117.9894398376,37.47,17.098
b4f37e6e,4499,1507,2992,0.665,1421,0.3158,10663.17,11213.35,2917405.1912091575,1042853.8319070905,33.63,14.949
b56bc0aa,7431,1829,5602,0.754,1528,0.2056,10342.5,11206.47,2914449.3834396447,1045514.1916955995,13.87,8.789
b585b4fa,5999,1705,4294,0.716,726,0.121,10467.34,11245.8,2905173.4110368392,1038910.6065027504,24.51,9.974
b5aa9634,8747,1421,7326,0.838,351,0.0401,12155.27,12548.03,3008986.7956830915,1078759.9127872416,33.4,11.479
b7974e66,7170,1612,5558,0.775,3566,0.4974,11575.98,12128.3,2987374.957993027,1068402.5469470015,11.73,6.973
b7cdcecb,7620,1452,6168,0.809,3181,0.4175,10378.44,10982.1,2887202.7295196853,1018582.9889934383,25.44,9.274
b7fea9ef,5575,1709,3866,0.693,841,0.1509,9994.5,10778.320000000002,2939748.7781165917,1066979.3829076234,18.34,11.148
b85f7b06,5453,1650,3803,0.697,1054,0.1933,10808.79,11404.37,3011932.07238951,1113015.266246103,8.3,3.57
b881d27e,5442,1433,4009,0.737,2370,0.4355,10591.83,11199.55,2906147.0585575155,1026430.744586549,27.2,18.785
b8c49c1a,6254,1935,4319,0.691,1325,0.2119,9839.990000000002,10798.15,2944590.964673809,1063745.4611864407,20.98,8.257
b95e7121,7492,1186,6306,0.842,483,0.0645,10864.23,11367.3,2999200.673726642,1112457.5056793913,6.38,3.42
b977be4a,7495,1578,5917,0.789,1735,0.2315,10837.04,11422.33,2996512.2526137424,1111442.9260680452,34.68,18.578
ba48188d,5534,1368,4166,0.753,924,0.167,11778.490000000002,12275.31,3010220.3931658836,1087248.0290404768,103.78,50.937
bb2cdd83,5665,1840,3825,0.675,827,0.146,10380.17,11223.740000000002,2905044.7454404235,1038540.0108596646,7.5,3.018
bb337fa0,8216,1343,6873,0.837,5402,0.6575,10890.14,11461.4,2988748.716876826,1104726.6267636316,36.98,24.084
bb682ebd,5931,1792,4139,0.698,1522,0.2566,10146.72,11052.45,3007623.5738509526,1131087.1348018884,35.48,19.87
bc4381e2,6885,1930,4955,0.72,3641,0.5288,11207.21,12147.76,2984514.186750908,1058828.1454538852,20.51,12.598
bcebcc5f,7889,1631,6258,0.793,3769,0.4778,10224.240000000002,10966.36,2960256.1445544427,1078366.2515350487,37.74,24.242
bd2c2f34,11621,1798,9823,0.845,7102,0.6111,9984.44,10700.52,2872337.9157129335,1029889.6170166079,15.14,5.664
bd4ae5da,6905,1899,5006,0.725,4356,0.6308,10966.91,11877.71,3008229.4818928316,1113162.383940623,22.3,14.052
bd6f0e19,6979,1839,5140,0.736,1305,0.187,10600.15,11361.88,3005794.187367818,1120269.066768878,16.03,10.118
bd8f847e,6161,1200,4961,0.805,1089,0.1768,12301.8,12813.28,2946182.7501071254,1012294.304820646,15.46,7.39
be063506,6539,2039,4500,0.688,1657,0.2534,10985.62,11887.94,3001539.9379614624,1105608.1296650865,16.54,9.686
be35c8f2,5898,1672,4226,0.717,1859,0.3152,11804.33,12555.240000000002,3014751.022160054,1097067.940395049,11.45,4.675
be83e781,4776,1555,3221,0.674,2144,0.4489,10625.36,11191.51,2905449.385052345,1025575.7214845058,10.06,3.154
beda8696,7868,1956,5912,0.751,4080,0.5186,10148.87,10972.22,2885107.72109939,1025448.2102974072,28.16,9.82
bf39bc20,5047,1744,3303,0.654,2711,0.5372,10549.51,11219.04,2914027.168036457,1040115.7008777491,17.76,8.402
bf70b410,8000,1653,6347,0.793,3041,0.3801,10276.63,10985.17,2884312.6364175,1024728.293625,45.54,18.92
bffe3082,7186,1463,5723,0.796,2200,0.3062,11333.81,11922.81,2995492.612657946,1097590.9118563875,33.07,16.599
c03b9305,6067,1812,4255,0.701,2878,0.4744,9961.13,10822.42,2937693.0737432013,1071780.8364727215,19.6,7.117
c03d4aed,6375,1734,4641,0.728,1017,0.1595,12081.06,12818.25,2947675.104144314,1012392.5002698039,25.04,12.583
c03fba65,5669,1970,3699,0.652,2534,0.447,9869.12,10835.7,2960527.7292679483,1092442.8234009524,34.8,22.74
c07fd0cd,6035,1844,4191,0.694,2617,0.4336,11720.08,12538.94,3022952.3949014083,1085308.5833753108,8.46,4.053
c1708b88,7960,1645,6315,0.793,4958,0.6229,10586.17,11369.17,2981930.3831620603,1082950.8235741206,35.11,18.305
c1d046f4,6917,1404,5513,0.797,93,0.0134,10973.740000000002,11425.92,3002682.2196024284,1113386.613734278,12.49,7.7
c2717d4f,6682,1961,4721,0.707,448,0.067,10356.66,11333.78,3005943.118132296,1113133.6461733014,15.22,8.453
c2c4db09,7851,1812,6039,0.769,1779,0.2266,10694.97,11399.570000000002,2996809.4602802196,1111845.4674958605,17.57,9.028
c2c6fc71,8840,1721,7119,0.805,3250,0.3676,11340.45,12096.89,3006754.1174457013,1087227.5515791855,19.11,11.767
c36625df,6386,1644,4742,0.743,4770,0.7469,11074.88,11875.19,3007516.2116066394,1113198.8567178203,19.57,8.003
c3957531,7254,1938,5316,0.733,278,0.0383,11748.51,12688.490000000002,3019803.5901902397,1089991.1415660325,24.77,12.519
c42fe306,7023,1928,5095,0.725,3897,0.5549,10084.7,10990.66,2897790.8506863164,1027005.8849266695,25.57,11.279
c43812e2,7293,1766,5527,0.758,4483,0.6147,11344.78,12201.87,2983250.3679638007,1055861.309361031,14.1,7.017
c472c0b5,4867,1813,3054,0.627,387,0.0795,9903.66,10810.52,2997286.3759400044,1129484.6787404972,14.39,8.281
c47e0767,6099,1743,4356,0.714,720,0.1181,11420.88,12185.23,3008310.442646336,1094596.9145909166,31.65,21.477
c50b42f6,7920,1906,6014,0.759,1487,0.1878,10079.12,10989.52,2891883.044752525,1023621.9564280303,22.87,8.604
c593337f,7118,1910,5208,0.732,2229,0.3131,11455.09,12125.2,2995097.7098777746,1073610.417670694,38.86,23.822
c59b6c4a,7460,1961,5499,0.737,1104,0.148,10012.35,10945.43,2885802.418014745,1026414.3820120642,40.91,20.953
c66be2b8,6207,2053,4154,0.669,1631,0.2628,10476.47,11383.570000000002,2995672.465005639,1117317.7483309167,41.22,22.227
c6797dd7,6281,1617,4664,0.743,1130,0.1799,11004.15,12048.46,3009839.5838178634,1102212.857715332,14.72,5.829
c6b782a4,6675,1798,4877,0.731,1827,0.2737,10339.06,11232.39,2934175.8942187265,1057469.1980029962,22.99,12.808
c6c96179,5813,1809,4004,0.689,1903,0.3274,10290.7,11132.75,2910255.2594993976,1037378.7438104248,14.83,8.773
c70c0e01,6057,1745,4312,0.712,4142,0.6838,11840.490000000002,12593.9,3003408.7011854057,1070418.899816741,20.88,8.965
c84c65be,10243,1747,8496,0.829,4430,0.4325,9282.34,10076.05,2873996.687294738,1046052.9207322074,20.79,9.738
c8d9680c,7741,1460,6281,0.811,2751,0.3554,10862.15,11421.05,2994668.7317878827,1117983.6105981139,56.51,42.77
c908edd0,6751,1458,5293,0.784,321,0.0475,10837.06,11360.84,3008273.979949637,1119579.4136779737,19.73,8.765
c9578d27,6202,1715,4487,0.723,3099,0.4997,10556.92,11246.39,2904702.1574653336,1033562.7060867462,24.45,10.307
c96c018a,7679,1443,6236,0.812,570,0.0742,10746.65,11369.58,3002301.2046334157,1113450.6134483656,19.45,12.86
c99f9fae,8394,2033,6361,0.758,313,0.0373,11193.71,12192.5,3019381.143376221,1111458.176460567,26.2,5.405
c9e6734f,6388,1653,4735,0.741,313,0.049,10582.71,11217.990000000002,2942162.857268316,1056701.832092987,18.43,10.31
c9e980e8,6262,1903,4359,0.696,957,0.1528,10432.08,11398.9,3007975.3637496014,1114090.147095177,15.23,9.742
c9fedcf3,5210,1693,3517,0.675,296,0.0568,11380.570000000002,12137.43,2990104.9978694823,1068742.181944338,15.38,7.472
cad13e8f,6866,2018,4848,0.706,288,0.0419,11700.96,12756.78,3035899.8043606174,1093594.2432071075,24.55,17.022
cb34231f,7510,1901,5609,0.747,664,0.0884,11815.94,12765.5,3036410.5073994673,1093580.2538255658,12.2,5.419
cb879f40,7904,1589,6315,0.799,2792,0.3532,10250.77,10843.27,2994559.6837588563,1117788.6345091092,15.23,8.796
cbb406b5,8135,1807,6328,0.778,3972,0.4883,10537.64,11424.15,3005845.047113706,1125754.0964376153,27.09,11.365
cbe51de1,5362,1399,3963,0.739,360,0.0671,11584.12,12220.3,3012527.6583588216,1113269.9420402835,28.7,15.022
cbe62450,7858,1600,6258,0.796,2564,0.3263,10234.65,10846.740000000002,2994885.816418936,1117942.2239628404,30.55,18.607
cc08aa63,5018,1744,3274,0.652,2038,0.4061,10484.26,11214.86,2911656.6994539658,1042968.7224432044,21.63,12.989
cc8a1d57,8321,1683,6638,0.798,1318,0.1584,11379.22,12061.65,2923906.2695793775,1019133.9264655691,38.88,27.555
ccedb12b,6427,2026,4401,0.685,2736,0.4257,11862.27,12688.53,3021764.207359577,1084437.8634510657,18.41,10.609
cd7f1687,5981,1749,4232,0.708,3812,0.6374,10623.62,11451.7,2988756.6889784313,1091421.8788848019,15.67,10.573
cda7eb37,7620,1647,5973,0.784,1156,0.1517,11383.06,12080.92,2922042.300733595,1018752.1050301838,24.58,10.043
cdc31d65,6608,1768,4840,0.732,2945,0.4457,11220.92,12107.47,3009325.257148911,1089375.2859382567,17.04,7.482
cdc60a53,7631,1753,5878,0.77,4092,0.5362,10418.97,11218.92,2905664.062563229,1037269.270716813,19.65,8.316
ce55ba43,5658,1554,4104,0.725,3594,0.6352,10963.73,11458.36,2990145.1050936724,1104011.641546483,25.59,14.304
ce8399b7,3548,1933,1615,0.455,209,0.0589,10237.27,11204.39,2937803.01794814,1062260.2471927847,5.26,3.364
cf50c9d1,6634,1776,4858,0.732,1135,0.1711,10399.19,11227.05,2933372.5545749175,1056792.7227720832,44.44,31.568
d00e7eb9,7321,1617,5704,0.779,3433,0.4689,10170.78,10934.4,2892150.3176820106,1032070.2276642534,14.34,7.907
d011f41b,3906,1639,2267,0.58,176,0.0451,10572.9,11170.97,2972860.494738863,1094984.7058192524,20.68,10.862
d07aed8f,4709,1752,2957,0.628,1389,0.295,11578.27,12384.86,3022989.744582714,1092913.1221533234,9.58,5.402
d085e611,7852,1661,6191,0.788,3699,0.4711,10220.12,10935.52,2995635.486777891,1118897.6705030566,24.03,10.084
d0a0e7b5,5423,1607,3816,0.704,722,0.1331,10374.96,10920.61,2990658.697575143,1117347.135838097,17.53,11.677
d0a43760,5502,1461,4041,0.734,81,0.0147,10625.23,11188.320000000002,2943259.423747728,1058049.612560887,7.79,4.249
d0cb63ae,6859,1636,5223,0.761,2280,0.3324,10250.89,11050.01,3006211.6142819654,1138219.9880973902,36.88,19.937
d114d9c2,7543,1337,6206,0.823,3342,0.4431,10480.17,10973.67,2882555.7092827787,1023566.8614490256,15.91,7.699
d1457cc5,8443,1523,6920,0.82,2493,0.2953,9760.68,10717.3,2867790.6202795217,1027803.0477448773,13.64,8.116
d1ecf309,7864,1696,6168,0.784,3784,0.4812,10126.34,11058.88,3005003.27242116,1125965.0265615464,18.84,9.378
d1ee630d,7879,1589,6290,0.798,3201,0.4063,10724.85,11365.06,2995747.019342556,1111411.9877319457,19.24,12.22
d217e0c5,5713,1875,3838,0.672,749,0.1311,10615.3,11442.47,2993396.647959041,1093468.1837510942,10.14,5.204
d24ff243,7116,1475,5641,0.793,1701,0.239,10601.13,11216.5,2901890.8242692524,1023285.9849718943,9.07,3.585
d273674e,5738,1839,3899,0.68,1135,0.1978,10893.09,11965.76,3012862.2768403627,1102174.5546375045,11.67,3.4
d2f3b1ab,7018,1437,5581,0.795,1553,0.2213,10630.570000000002,11189.02,2908302.449702195,1029783.5476289542,31.92,17.358
d3df146b,7252,1465,5787,0.798,2016,0.278,11598.14,12235.18,3027324.2791891894,1118625.5320546057,25.64,11.699
d40f61d5,5880,1841,4039,0.687,909,0.1546,10422.13,11209.09,2910822.332171769,1038098.2258163266,9.24,4.553
d41beaf2,6592,1839,4753,0.721,1776,0.2694,10417.62,11229.27,2933614.264946905,1057046.9791277305,29.24,16.336
d463e527,6991,2224,4767,0.682,356,0.0509,11083.05,12230.01,3024670.1859776853,1111433.2271792304,18.77,8.591
d4f60a28,6435,1934,4501,0.699,2317,0.3601,11539.83,12551.97,3022518.6405097125,1085331.9722548563,13.29,6.183
d50c649a,6548,1675,4873,0.744,1964,0.2999,11305.86,11929.14,3005107.331927306,1107165.4522923029,14.89,6.82
d543916f,6281,1482,4799,0.764,3068,0.4885,10321.18,10898.54,2992534.9308645115,1117385.9648750199,22.77,10.2
d5df0ff5,5490,1458,4032,0.734,160,0.0291,11630.3,12063.98,3016662.2622841527,1116960.6593515484,24.79,16.351
d60430e6,4176,1665,2511,0.601,1408,0.3372,10516.27,11216.25,2993324.156039272,1115832.255474138,14.72,7.849
d63196fe,5881,1371,4510,0.767,961,0.1634,11455.92,12062.3,2924789.4372912766,1021506.8347797993,31.54,19.525
d6c320d9,6946,1494,5452,0.785,252,0.0363,10626.13,11185.34,2909343.6423725886,1030796.5374143393,17.7,11.206
d6dd7330,7660,1467,6193,0.808,483,0.0631,11380.05,11969.83,3006381.750776762,1100736.0381984334,26.28,11.823
d7ba4f9d,7771,1748,6023,0.775,2435,0.3133,11941.06,12612.52,3007372.3957573026,1069822.0618504698,9.13,5.098
d7eb0be8,7208,1807,5401,0.749,336,0.0466,11953.16,12783.73,3034436.791122364,1090945.821145949,52.9,32.826
d84b621b,5746,1752,3994,0.695,1553,0.2703,10433.4,11230.64,2902996.4421092933,1029517.1405690915,27.11,21.82
d90aa14c,12141,2123,10018,0.825,4898,0.4034,10112.570000000002,10940.84,2886886.2704159454,1037884.6721579771,24.85,11.994
d924e971,5308,2124,3184,0.6,574,0.1081,11040.19,12098.320000000002,3006569.4537358703,1107341.2923021854,68.87,32.77
d9ae59b2,5150,1502,3648,0.708,2168,0.421,10382.31,11043.23,3011931.29436699,1121688.8981067962,12.91,5.047
d9d6d94d,6660,1741,4919,0.739,1103,0.1656,12043.47,12641.33,3020460.7763243243,1083907.3737267267,16.51,9.386
d9eca87b,7932,1559,6373,0.803,4492,0.5663,10254.4,10985.69,2884733.76286939,1025071.172366364,83.03,26.443
da2d4d7c,3567,1453,2114,0.593,876,0.2456,11814.72,12258.75,2999963.8083936083,1088312.2127782449,8.19,3.577
da3bfe4e,7107,1558,5549,0.781,3828,0.5386,10448.2,10999.81,2891229.096283945,1022461.9041128465,47.97,30.208
da3cf798,7591,1747,5844,0.77,3744,0.4932,9982.37,10805.17,2933466.2832248714,1066974.6013423793,25.68,16.905
da940160,6792,1660,5132,0.756,2302,0.3389,10510.13,11387.11,3007070.9373645466,1119266.2729078329,19.92,11.225
dafc88c3,7187,1615,5572,0.775,348,0.0484,10714.14,11208.6,2900635.5373299015,1022061.9299471268,14.28,6.877
dbee6c86,9114,1745,7369,0.809,465,0.051,11739.36,12602.23,3008206.766186087,1078236.2497981128,10.39,4.396
dc5fbe29,6555,1352,5203,0.794,2189,0.3339,11281.4,12053.0,2924044.7223035847,1020873.6566559878,22.99,7.92
dc7da28f,6672,1898,4774,0.716,492,0.0737,10085.86,10975.41,2892952.2973606116,1025408.8076214029,20.22,10.223
dc7f9757,6203,1843,4360,0.703,3332,0.5372,10210.05,11063.1,3003829.5014702566,1125522.7798017089,15.26,9.81
dd168de0,5095,1791,3304,0.648,345,0.0677,10280.1,11018.59,2925469.3493150147,1061318.5751560354,9.29,2.991
dd64382d,5058,1934,3124,0.618,2930,0.5793,9989.51,10838.59,2952648.846678529,1084840.1170917358,14.45,4.262
dd6bc5b2,5764,2162,3602,0.625,538,0.0933,10047.17,11165.740000000002,2975823.213594726,1094552.2784489938,20.35,11.781
dd7d638e,6046,1745,4301,0.711,2029,0.3356,10426.44,11207.78,2912150.663130996,1043976.8919913992,13.51,6.018
ddc790ff,6468,1742,4726,0.731,2682,0.4147,10425.67,11319.83,3010496.113489487,1119313.57644094,10.29,5.725
df71d1ff,7879,1651,6228,0.79,4200,0.5331,10288.63,10970.05,2886685.461441807,1018231.4043241529,27.35,12.743
df73b8f3,7150,1839,5311,0.743,4503,0.6298,11782.7,12561.23,3003738.0523496508,1069123.902076923,40.36,15.618
df8290be,5675,1703,3972,0.7,3399,0.5989,10510.58,11244.16,2908686.3882431723,1041265.7206519825,23.52,13.01
e0079ed1,5257,1786,3471,0.66,1496,0.2846,10357.98,10975.36,2957532.8632432944,1083666.614377021,17.18,8.07
e03b45fd,7083,1741,5342,0.754,2757,0.3892,12017.27,12841.61,2948032.539505859,1017563.0940830157,40.86,15.752
e0f36d98,6714,1738,4976,0.741,3084,0.4593,10703.91,11374.5,2989144.0270405128,1098499.6478269289,25.2,14.253
e149204f,7549,1452,6097,0.808,4239,0.5615,10453.29,10973.08,2887623.703681282,1018931.2269240959,9.25,4.546
e14d641e,4978,1794,3184,0.64,3095,0.6217,10447.4,11235.73,2909474.9944937727,1041458.083167939,15.77,6.821
e161bd0c,4813,1864,2949,0.613,2233,0.464,11258.43,12230.09,3004402.354926241,1088496.2390359442,11.51,4.335
e201fd6d,6912,1842,5070,0.734,1954,0.2827,11716.740000000002,12528.21,3023858.0142433452,1096076.4652010994,29.89,16.371
e25f1537,5018,1841,3177,0.633,1190,0.2371,9981.72,10795.95,2940977.001785572,1075212.8843463531,21.97,13.005
e2fc7745,5343,1651,3692,0.691,389,0.0728,11190.56,12014.37,3014059.43016283,1116415.7401890326,33.11,13.341
e32da4ec,6148,1459,4689,0.763,1962,0.3191,11512.7,12014.63,3011234.685704294,1118435.5046877034,28.44,10.85
e3b34f5b,7293,1838,5455,0.748,2092,0.2869,10326.79,10976.320000000002,2951810.131782531,1077051.3822939806,20.78,10.347
e45a2a62,6697,1690,5007,0.748,4085,0.61,10561.070000000002,11252.27,2904017.197291325,1033291.9868060326,40.26,19.873
e46f4ef4,8930,1735,7195,0.806,3409,0.3817,11747.76,12498.21,3018153.9893952967,1091652.3961847704,11.8,4.927
e4726608,6268,1535,4733,0.755,2015,0.3215,11393.41,11968.320000000002,3011399.8083280153,1118168.9899393746,14.21,6.271
e5864244,6037,1568,4469,0.74,2009,0.3328,11998.03,12778.64,3022345.48257247,1085528.397382806,53.02,26.806
e5c92e59,5927,1632,4295,0.725,2098,0.354,11536.52,12215.23,3019969.1389708114,1106779.9090163657,16.75,7.711
e5ff9fd2,4198,1844,2354,0.561,2150,0.5121,10874.65,11781.41,2979111.9435254885,1058295.878158647,15.4,8.891
e6c55748,5959,1487,4472,0.75,687,0.1153,10595.66,11229.03,2908225.026977681,1032532.4145410304,16.62,9.397
e730c32b,6469,1741,4728,0.731,3758,0.5809,10456.67,11384.41,3009927.2893693,1113372.0062049774,18.34,11.655
e737965a,7694,1739,5955,0.774,4606,0.5986,10279.76,10949.65,2897980.5851520672,1027902.444359241,16.63,9.897
e748dd88,6264,1452,4812,0.768,211,0.0337,11471.01,12035.17,3011122.463154534,1102483.1811270753,12.56,4.99
e7818f7a,6829,1458,5371,0.786,1655,0.2423,10374.46,11032.0,3012626.112445453,1122194.6779733489,15.27,6.313
e7c36e81,5655,2124,3531,0.624,3057,0.5406,10248.37,11200.44,2916973.721685234,1047203.0431671089,12.27,7.35
e7d0c1de,6455,1744,4711,0.73,236,0.0366,10556.51,11321.740000000002,3006491.5005639037,1114067.6900000002,14.43,6.86
e85074c5,7236,1561,5675,0.784,3197,0.4418,10402.52,11009.33,2920311.738063847,1043554.1358360973,17.02,11.348
e97032ad,5654,2124,3530,0.624,2735,0.4837,10237.15,11207.56,2916926.367584011,1047154.2821489212,16.4,11.959
e9949a23,6407,1848,4559,0.712,2396,0.374,11157.21,12074.51,2920720.843393164,1016463.4951225222,25.35,11.581
ea0b99b7,10939,1700,9239,0.845,5604,0.5123,11851.88,12542.96,2993258.9570152666,1067640.0236703537,24.76,12.16
ea3a0e38,11794,1742,10052,0.852,6390,0.5418,10236.11,10981.35,2960849.590853824,1076353.5019603188,18.42,9.233
ea41324e,6839,1814,5025,0.735,2136,0.3123,10671.1,11363.98,3003824.085869279,1114024.1248296534,12.93,5.294
eabc711b,7314,1966,5348,0.731,3007,0.4111,10956.5,11884.21,2999094.2164861904,1098211.580596117,22.87,11.698
eac10e86,7501,1434,6067,0.809,1817,0.2422,10400.1,10954.61,2891716.2414824693,1023203.0776803093,13.29,5.618
eafb863e,5317,1749,3568,0.671,1674,0.3148,10429.52,11226.06,2915596.5316118114,1041054.5277318038,36.43,13.458
eb06a4e7,6379,1844,4535,0.711,231,0.0362,10478.61,11384.41,3006152.792075561,1113245.7072142968,19.81,9.669
eb640a35,7782,1745,6037,0.776,3704,0.476,10136.04,10884.14,2993702.0866152663,1118359.5058892316,21.63,9.97
eb934281,7812,1841,5971,0.764,1224,0.1567,11136.03,11955.36,2986918.137780338,1068142.969797747,6.84,3.137
eba6605e,5719,1309,4410,0.771,1188,0.2077,10542.23,11306.92,2904562.7883038996,1018956.2936527365,26.45,15.632
ebe69318,6718,1742,4976,0.741,1405,0.2091,10294.6,11187.39,2902373.775381066,1024285.767259601,9.44,4.825
ec0d597b,6452,1836,4616,0.715,463,0.0718,10100.76,10971.97,2894191.0129014254,1026646.6794094854,34.99,16.443
ec13af42,7362,1900,5462,0.742,3801,0.5163,11391.240000000002,12235.6,3009320.372025265,1088996.126922032,23.1,10.906
ecdab904,8176,2029,6147,0.752,563,0.0689,11232.98,12200.23,2980480.214397016,1055322.2093970154,30.43,16.918
ecdaf714,8240,1648,6592,0.8,359,0.0436,10301.070000000002,11040.14,2920945.133832524,1057846.6537184466,26.8,15.352
ed6436d6,5027,2082,2945,0.586,183,0.0364,11262.92,12234.36,3001110.434378357,1087722.8822697434,3.42,1.618
ed6e6e54,7385,1337,6048,0.819,558,0.0756,11554.64,11980.11,3006663.303099526,1100984.8304129993,33.93,11.952
edf885a3,4863,1746,3117,0.641,509,0.1047,11492.490000000002,12301.04,3007864.5606189594,1084988.4798067035,20.9,12.289
ee0300f7,6161,1617,4544,0.738,1881,0.3053,11687.09,12565.05,3017748.4819363737,1089961.3165947087,36.58,25.68
ee288beb,6190,1552,4638,0.749,1862,0.3008,10411.87,11066.17,2995621.8895945074,1124889.7973376415,45.66,27.522
ee4aecac,6596,1331,5265,0.798,1103,0.1672,11326.52,11766.89,2973127.561209824,1063656.715148575,20.44,10.779
eeda36f5,6198,1401,4797,0.774,254,0.041,12367.58,12845.96,2947009.3941352046,1012311.8731268152,7.76,5.47
eeed308d,5503,1604,3899,0.709,2954,0.5368,10520.17,11207.76,2909115.1853043796,1033106.8347065236,15.95,9.69
ef04658e,5664,1560,4104,0.725,836,0.1476,9970.94,10804.51,2939692.804443856,1066389.2239706921,29.25,15.448
ef8e3ed0,6637,1413,5224,0.787,3127,0.4711,11625.59,12130.58,2987741.078711767,1068587.9635076087,22.41,14.635
efde6ac3,6220,1661,4559,0.733,2577,0.4143,10221.56,10922.18,2995360.9515032154,1119659.9157138264,25.5,10.202
efe96181,5464,1452,4012,0.734,1002,0.1834,9900.02,10804.63,2940677.451068814,1063107.353263177,30.39,27.54
f0188a48,6139,1969,4170,0.679,302,0.0492,10574.37,11418.03,2982602.75041049,1082506.5338247272,14.58,6.016
f021b650,5610,1871,3739,0.666,1985,0.3538,11231.84,12135.47,2985994.316688057,1053467.0040766487,11.43,6.684
f03f10fe,5823,1678,4145,0.712,1208,0.2075,10596.12,11233.62,2911080.2788425214,1038327.4846659797,19.98,9.379
f053a1b9,5952,1844,4108,0.69,1183,0.1988,11469.13,12278.75,3010432.2428981853,1095391.552590726,19.4,10.028
f074d277,3868,1415,2453,0.634,876,0.2265,11450.22,12031.84,3021243.755599793,1107388.0990020682,21.32,12.188
f07d7037,7688,2125,5563,0.724,316,0.0411,11174.85,12140.65,2986732.1928876173,1068162.658064516,15.3,7.496
f08774c3,5645,1745,3900,0.691,424,0.0751,11203.490000000002,12060.63,2919006.372070859,1015218.4265367582,22.23,11.446
f140c2fa,6024,1942,4082,0.678,1296,0.2151,11152.570000000002,12058.79,2920725.5678436253,1015351.6785109562,22.15,13.316
f16e25e3,6585,1934,4651,0.706,2638,0.4006,10113.76,10891.77,2989652.3431678056,1122828.3815626423,7.94,2.965
f2d4c8c9,7908,1659,6249,0.79,4107,0.5193,10357.03,10938.16,2883467.235907941,1024099.8552225595,8.58,4.23
f321a31c,6555,1414,5141,0.784,258,0.0394,12080.16,12560.58,3006767.1587154847,1069727.009481312,19.69,12.557
f40cd091,6776,1610,5166,0.762,4333,0.6395,11338.92,11910.93,2998932.010092975,1104470.865675915,15.19,7.729
f439a621,4695,1874,2821,0.601,2042,0.4349,10313.92,11033.87,2927262.752694356,1057029.6465133121,12.92,6.656
f49fdea3,7027,1636,5391,0.767,388,0.0552,11348.39,12118.25,2989959.933347089,1059912.289705422,17.19,12.406
f4d12d23,5448,1747,3701,0.679,1342,0.2463,10369.71,11224.51,2916494.981503304,1041759.17416116,23.37,16.063
f56d3ace,7383,1951,5432,0.736,2813,0.381,10462.3,11326.98,3003265.8487281594,1113964.1429852364,15.29,6.903
f5859199,7438,1648,5790,0.778,4668,0.6276,11466.7,12268.19,2987334.062243883,1055053.8858819574,25.57,15.922
f5d8aab6,6576,2132,4444,0.676,797,0.1212,10071.84,11050.320000000002,3006718.263556874,1131889.2179257907,24.18,15.699
f631da6e,5604,1511,4093,0.73,2998,0.535,10578.87,11173.93,2983841.7115970734,1109693.2913579587,19.68,8.783
f6824bb0,6864,1849,5015,0.731,964,0.1404,10310.14,11228.14,2905505.108014277,1039580.8874198718,34.41,20.837
f6bc699b,5501,1749,3752,0.682,1770,0.3218,10243.69,11006.070000000002,2953390.5153081254,1073488.5258225778,23.4,10.622
f6d009f4,8003,1288,6715,0.839,2319,0.2898,10009.81,11086.25,3007617.453858553,1138423.1228014494,84.76,47.039
f72b268f,7918,1514,6404,0.809,479,0.0605,10412.54,11062.23,3004278.48171508,1132758.7270598637,24.31,12.938
f8662c22,6957,1528,5429,0.78,3301,0.4745,11178.31,11731.6,2973633.9458387233,1064153.7362685064,26.14,15.629
f88ddb26,6585,1595,4990,0.758,254,0.0386,11433.48,12199.36,2985640.293289294,1062036.7854533028,78.62,51.403
f8afa78a,7367,1335,6032,0.819,3477,0.472,10493.19,10993.69,2888535.935954934,1019763.4237287905,25.62,14.721
f8f59188,6740,1933,4807,0.713,4149,0.6156,10361.84,11323.98,3006448.2406231454,1125054.1477878338,15.01,6.924
f9fc81aa,7113,1515,5598,0.787,427,0.06,10621.86,11197.97,2907770.391329959,1029340.8363967383,19.51,8.639
fa16d114,6928,1242,5686,0.821,3471,0.501,10639.63,10963.16,2890555.3127193996,1021612.1073599885,32.4,20.815
fa31da94,6681,1654,5027,0.752,4256,0.637,11428.36,12208.56,3015153.386813352,1112014.4157775783,10.42,5.188
fa667be2,8798,1502,7296,0.829,1158,0.1316,12080.09,12590.26,3008751.761395772,1078641.118229143,23.47,8.802
fae0c593,6147,1744,4403,0.716,198,0.0322,10069.95,10889.490000000002,2993933.569876362,1124116.3589946316,19.89,10.971
fb03ae90,8129,1698,6431,0.791,1271,0.1564,10671.570000000002,11504.09,2887503.7521761595,1010801.8791032106,50.8,42.888
fb0904bd,5087,1906,3181,0.625,2576,0.5064,10146.03,10972.18,2959607.754415176,1084834.2251661096,4.8,1.799
fb3848a1,7859,1940,5919,0.753,4483,0.5704,10037.93,10954.240000000002,2898567.46044026,1028284.4283064003,17.13,9.959
fb73b13a,7465,1825,5640,0.756,2613,0.35,10033.16,10818.09,3007314.5191748156,1138476.3584300068,20.39,9.978
fba7683c,2058,1651,407,0.198,42,0.0204,10978.94,11862.92,3006237.2805782314,1098195.6871720115,5.84,2.555
fbd68d27,8552,1723,6829,0.799,1888,0.2208,10585.03,11234.63,2910122.353769879,1036215.9585710946,35.95,22.095
fc03f21f,6202,1399,4803,0.774,443,0.0714,11010.43,11893.320000000002,3002892.299082554,1106339.7270686876,27.94,12.909
fc0d20b2,5308,1354,3954,0.745,2347,0.4422,10374.95,10799.1,2932977.677694047,1068091.7162339864,23.1,11.932
fcfcc902,4665,1874,2791,0.598,187,0.0401,10623.89,11440.36,2983990.562109325,1091548.257965702,16.18,8.808
fd3b4faa,6956,1934,5022,0.722,3842,0.5523,10463.490000000002,11355.28,3006944.2430419778,1125163.7664807362,16.36,7.447
fd710aea,5960,1743,4217,0.708,1324,0.2221,11426.95,12175.87,3008912.1901392615,1094825.6645201342,14.79,7.204
fd8f77fa,6756,1484,5272,0.78,3198,0.4734,10523.54,11421.98,3004220.3358969805,1114177.8826228539,41.82,27.415
fde20ecf,6386,1719,4667,0.731,1729,0.2707,11188.12,12047.7,3023363.6079188846,1118180.8510695272,24.31,16.319
fdfd57da,7364,2128,5236,0.711,3605,0.4895,10384.08,11375.43,3001912.184129549,1113289.030063824,7.72,4.295
febb4411,6275,2028,4247,0.677,200,0.0319,11695.84,12615.16,3022811.2837147415,1085790.2333482073,29.84,13.028
fef8af96,5068,1242,3826,0.755,1655,0.3266,10499.9,11043.2,2931923.6208129437,1055370.2445165745,87.86,44.552
ff0aea78,4976,1715,3261,0.655,1750,0.3517,10974.36,11760.08,2983810.9161213823,1071057.986091238,38.65,30.698
ff8bb73a,7670,1743,5927,0.773,377,0.0492,10378.28,11227.820000000002,2938065.95636897,1061643.2892724902,27.79,9.862
ffefef30,6421,1851,4570,0.712,1871,0.2914,11987.96,12772.06,2945430.783133468,1012370.4646550381,12.2,7.036
